http://www.newspim.com,rule
https://www.mumsnet.com,rule
http://www.thedrive.com,rule
http://www.thedrive.com,rule
http://www.thedrive.com,rule
http://www.thedrive.com,rule
http://www.thedrive.com,rule
http://www.thedrive.com,rule
https://www.autoblog.com,rule
https://electrek.co,rule
https://electrek.co,rule
https://www.fiatforum.com,rule
https://www.fiatforum.com,rule
http://news.motors.co.uk,rule
https://www.thechicagogarage.com,rule
https://www.carwow.co.uk,rule
https://www.carwow.co.uk,rule
https://www.edmunds.com,rule
https://www.edmunds.com,rule
https://www.edmunds.com,rule
https://www.edmunds.com,rule
https://www.edmunds.com,rule
https://www.edmunds.com,rule
https://www.edmunds.com,rule
https://www.edmunds.com,rule
https://www.thecourier.co.uk,rule
https://www.northjersey.com,rule
https://marketersmedia.com,rule
http://www.topgear.com,rule
http://www.qiche365.org.cn,rule
https://chicago.suntimes.com,rule
http://www.mirror.co.uk,rule
http://bgr.com,rule
https://inews.co.uk,rule
http://www.independent.ie,rule
https://www.i30ownersclub.com,rule
https://www.i30ownersclub.com,rule
https://www.i30ownersclub.com,rule
https://www.i30ownersclub.com,rule
https://www.i30ownersclub.com,rule
https://www.pistonheads.com,rule
http://www.dailyconsumer.co.kr,rule
https://www.cnet.com,rule
https://mercedesforum.com,rule
https://mercedesforum.com,rule
https://www.motoringresearch.com,rule
https://www.thestar.com,rule
https://cleantechnica.com,rule
https://www.just-auto.com,rule
https://www.pistonheads.com,rule
https://www.pistonheads.com,rule
https://chevroletforum.com,rule
https://chevroletforum.com,rule
https://chevroletforum.com,rule
https://chevroletforum.com,rule
https://chevroletforum.com,rule
https://chevroletforum.com,rule
https://chevroletforum.com,rule
https://chevroletforum.com,rule
https://chevroletforum.com,rule
https://chevroletforum.com,rule
https://chevroletforum.com,rule
https://chevroletforum.com,rule
https://chevroletforum.com,rule
https://chevroletforum.com,rule
https://www.theglobeandmail.com,rule
https://www.theglobeandmail.com,rule
https://www.theglobeandmail.com,rule
http://www.etnews.com,rule
http://autouptodate.com,rule
http://www.thehindu.com,rule
https://www.t3.com,rule
https://www.slashgear.com,rule
https://www.carmudi.com.ph,rule
http://www.parkers.co.uk,rule
http://www.ntoday.co.kr,rule
http://performancedrive.com.au,rule
https://www.pentasecurity.com,rule
https://www.pentasecurity.com,rule
http://time.com,rule
http://www.ciokorea.com,rule
http://speedlux.com,rule
https://www.cardekho.com,rule
https://www.digitaltrends.com,rule
http://www.qiche365.org.cn,rule
http://www.qiche365.org.cn,rule
http://www.qiche365.org.cn,rule
http://www.qiche365.org.cn,rule
http://www.qiche365.org.cn,rule
http://www.msn.com,rule
https://www.msn.com,rule
https://www.just-auto.com,rule
https://www.just-auto.com,rule
http://www.eco-business.com,rule
http://www.eco-business.com,rule
http://www.eco-business.com,rule
https://futurism.com,rule
https://www.technobuffalo.com,rule
https://www.drive.com.au,rule
http://www.dailycommercial.com,rule
https://tractionlife.com,rule
https://tractionlife.com,rule
https://tractionlife.com,rule
https://tractionlife.com,rule
https://tractionlife.com,rule
https://tractionlife.com,rule
https://tractionlife.com,rule
http://www.surecritic.com,rule
http://www.surecritic.com,rule
http://www.surecritic.com,rule
http://www.surecritic.com,rule
http://www.surecritic.com,rule
http://www.surecritic.com,rule
http://www.surecritic.com,rule
http://www.surecritic.com,rule
http://www.surecritic.com,rule
http://www.surecritic.com,rule
http://www.surecritic.com,rule
http://www.surecritic.com,rule
http://www.surecritic.com,rule
http://www.surecritic.com,rule
http://www.surecritic.com,rule
http://www.surecritic.com,rule
http://www.surecritic.com,rule
http://www.surecritic.com,rule
https://www.autoblog.com,rule
https://www.sunshinecoastdaily.com.au,rule
http://www.motorian.kr,rule
http://daily.hankooki.com,rule
http://prwire.com.au,rule
http://www.ebay.com,rule
http://www.thepeninsulaqatar.com,rule
https://auto.ndtv.com,rule
https://www.carsales.com.au,rule
https://auto.ndtv.com,rule
http://www.570news.com,rule
http://www.timescolonist.com,rule
https://www.news.com.au,rule
http://www.news.com.au,rule
http://www.news.com.au,rule
http://www.segye.com,rule
https://www.carmudi.com.ph,rule
https://www.chicagotribune.com,rule
https://www.carwow.co.uk,rule
https://www.carwow.co.uk,rule
https://www.whatcar.com,rule
https://www.cars.com,rule
https://www.cars.com,rule
https://www.cars.com,rule
https://www.cars.com,rule
http://www.ny1.com,rule
https://uk.trustpilot.com,rule
https://uk.trustpilot.com,rule
https://uk.trustpilot.com,rule
https://uk.trustpilot.com,rule
https://uk.trustpilot.com,rule
https://simplydarrling.com,rule
http://www.mysanantonio.com,rule
http://www.blueovalforums.com,rule
http://www.telegraph.co.uk,rule
http://www.telegraph.co.uk,rule
http://www.telegraph.co.uk,rule
http://www.telegraph.co.uk,rule
https://www.roadandtrack.com,rule
http://www.roadandtrack.com,rule
https://www.roadandtrack.com,rule
https://www.roadandtrack.com,rule
https://www.roadandtrack.com,rule
https://www.clickondetroit.com,rule
http://www.iusm.co.kr,rule
http://www.thefiscaltimes.com,rule
https://www.6speedonline.com,rule
https://www.6speedonline.com,rule
http://www.ceoscoredaily.com,rule
http://www.financialexpress.com,rule
http://www.financialexpress.com,rule
http://biz.khan.co.kr,rule
http://247wallst.com,rule
http://www.retfordtoday.co.uk,rule
https://www.carnewschina.com,rule
https://www.boston.com,rule
https://www.motortrend.com,rule
https://www.motortrend.com,rule
https://www.autoblog.com,rule
https://www.autotrader.co.uk,rule
http://www.autotrader.co.uk,rule
https://www.pistonheads.com,rule
http://www.dailyjournal.net,rule
http://www.carscoops.com,rule
http://www.wheels24.co.za,rule
http://www.zerotohundred.com,rule
http://www.zerotohundred.com,rule
http://www.zerotohundred.com,rule
http://www.zerotohundred.com,rule
http://www.startribune.com,rule
http://www.clubcruze.co.kr,rule
http://www.ozhonda.com,rule
http://portlandtribune.com,rule
https://sam.abuelsamid.com,rule
http://www.autoelectronics.co.kr,rule
http://www.motline.com,rule
http://news.mt.co.kr,rule
https://www.coastalhyundai.com,rule
http://www.independent.ie,rule
http://www.independent.ie,rule
http://www.independent.ie,rule
https://petrolblog.com,rule
https://petrolblog.com,rule
http://www.tractionlife.com,rule
https://www.cardekho.com,rule
http://thegear.net,rule
http://supplierinsight.ihsmarkit.com,rule
http://supplierinsight.ihsmarkit.com,rule
http://www.frontseatdriver.co.uk,rule
http://www.frontseatdriver.co.uk,rule
http://www.frontseatdriver.co.uk,rule
http://www.automoblog.net,rule
https://www.chicagotribune.com,rule
https://www.rac.co.uk,rule
http://baa.bitauto.com,rule
https://www.expressandstar.com,rule
http://vanfleetworld.co.uk,rule
http://news.sbs.co.kr,rule
http://news.sbs.co.kr,rule
http://www.newsday.com,rule
https://www.rac.co.uk,rule
https://www.rac.co.uk,rule
http://www.subaruoutback.org,rule
http://www.newswire.co.kr,rule
http://motioncars.inquirer.net,rule
http://motioncars.inquirer.net,rule
http://www.randystern.net,rule
http://www.randystern.net,rule
http://www.randystern.net,rule
http://www.kns.tv,rule
http://www.greencarreports.com,rule
http://www.greencarreports.com,rule
http://www.greencarreports.com,rule
http://www.seat.co.uk,rule
https://pontiacforum.com,rule
https://pontiacforum.com,rule
https://pontiacforum.com,rule
https://pontiacforum.com,rule
https://pontiacforum.com,rule
https://pontiacforum.com,rule
https://pontiacforum.com,rule
https://genesisowners.com,rule
https://genesisowners.com,rule
http://www.driven.co.nz,rule
https://electrek.co,rule
http://www.postcrescent.com,rule
https://www.autocar.co.uk,rule
https://www.theglobeandmail.com,rule
https://mercedesforum.com,rule
https://mercedesforum.com,rule
https://mercedesforum.com,rule
https://mercedesforum.com,rule
https://mercedesforum.com,rule
https://mercedesforum.com,rule
https://mercedesforum.com,rule
https://mercedesforum.com,rule
https://mercedesforum.com,rule
https://mercedesforum.com,rule
https://mercedesforum.com,rule
https://mercedesforum.com,rule
https://mercedesforum.com,rule
https://mercedesforum.com,rule
https://mercedesforum.com,rule
https://mercedesforum.com,rule
https://mercedesforum.com,rule
https://mercedesforum.com,rule
https://mercedesforum.com,rule
https://mercedesforum.com,rule
https://www.audiforums.com,rule
https://www.audiforums.com,rule
https://www.civicforums.com,rule
https://www.civicforums.com,rule
https://www.audiforums.com,rule
https://www.audiforums.com,rule
https://www.audiforums.com,rule
https://www.audiforums.com,rule
https://www.audiforums.com,rule
https://www.audiforums.com,rule
https://www.audiforums.com,rule
https://www.audiforums.com,rule
https://www.audiforums.com,rule
https://www.audiforums.com,rule
https://www.audiforums.com,rule
https://www.audiforums.com,rule
https://www.audiforums.com,rule
https://www.audiforums.com,rule
https://www.audiforums.com,rule
https://www.audiforums.com,rule
https://www.audiforums.com,rule
https://www.audiforums.com,rule
https://www.audiforums.com,rule
https://www.audiforums.com,rule
https://www.audiforums.com,rule
https://www.audiforums.com,rule
https://www.audiforums.com,rule
https://www.civicforums.com,rule
https://www.audiforums.com,rule
https://www.audiforums.com,rule
https://www.audiforums.com,rule
https://www.audiforums.com,rule
https://www.audiforums.com,rule
https://www.audiforums.com,rule
http://www.carmagazine.co.uk,rule
http://www.autoomobile.com,rule
http://www.iautocar.co.kr,rule
http://www.iautocar.co.kr,rule
http://www.iautocar.co.kr,rule
http://www.iautocar.co.kr,rule
https://www.civicforums.com,rule
https://www.civicforums.com,rule
https://www.civicforums.com,rule
https://www.civicforums.com,rule
https://www.civicforums.com,rule
https://www.civicforums.com,rule
https://www.civicforums.com,rule
https://www.civicforums.com,rule
https://www.civicforums.com,rule
https://www.civicforums.com,rule
https://www.civicforums.com,rule
https://www.civicforums.com,rule
https://www.civicforums.com,rule
https://www.civicforums.com,rule
https://www.civicforums.com,rule
https://www.civicforums.com,rule
https://www.civicforums.com,rule
https://www.civicforums.com,rule
https://www.civicforums.com,rule
https://www.civicforums.com,rule
https://www.civicforums.com,rule
https://www.civicforums.com,rule
https://www.civicforums.com,rule
https://www.civicforums.com,rule
http://www.thechronicleherald.ca,rule
http://www.thecarexpert.co.uk,rule
https://www.thecarexpert.co.uk,rule
http://www.thecarexpert.co.uk,rule
http://www.ricarthyundai.com,rule
http://autotimes.hankyung.com,rule
http://www.chroniclelive.co.uk,rule
https://www.cardekho.com,rule
https://www.cardekho.com,rule
https://www.cardekho.com,rule
http://www.birminghammail.co.uk,rule
http://www.birminghammail.co.uk,rule
https://www.autocar.co.uk,rule
https://www.chryslerforum.com,rule
https://www.chryslerforum.com,rule
https://www.chryslerforum.com,rule
https://www.chryslerforum.com,rule
https://www.chryslerforum.com,rule
https://www.chryslerforum.com,rule
https://www.chryslerforum.com,rule
https://www.chryslerforum.com,rule
https://www.chryslerforum.com,rule
https://www.chryslerforum.com,rule
https://www.chryslerforum.com,rule
https://www.chryslerforum.com,rule
https://www.chryslerforum.com,rule
https://www.chryslerforum.com,rule
https://www.chryslerforum.com,rule
https://www.chryslerforum.com,rule
https://www.chryslerforum.com,rule
https://www.chryslerforum.com,rule
https://www.cnet.com,rule
http://www.inautonews.com,rule
http://www.inautonews.com,rule
http://www.inautonews.com,rule
http://www.inautonews.com,rule
http://www.inautonews.com,rule
http://www.inautonews.com,rule
http://www.inautonews.com,rule
http://www.volvocars.com,rule
https://auto.ndtv.com,rule
http://articles.sae.org,rule
http://www.dailyconsumer.co.kr,rule
http://www.ahnlab.com,rule
http://thehackernews.com,rule
http://imnews.imbc.com,rule
https://chevroletforum.com,rule
https://chevroletforum.com,rule
https://chevroletforum.com,rule
https://chevroletforum.com,rule
https://chevroletforum.com,rule
https://chevroletforum.com,rule
https://chevroletforum.com,rule
https://chevroletforum.com,rule
https://chevroletforum.com,rule
https://chevroletforum.com,rule
https://chevroletforum.com,rule
https://chevroletforum.com,rule
https://chevroletforum.com,rule
https://chevroletforum.com,rule
https://chevroletforum.com,rule
https://chevroletforum.com,rule
https://chevroletforum.com,rule
https://chevroletforum.com,rule
https://chevroletforum.com,rule
https://chevroletforum.com,rule
https://chevroletforum.com,rule
https://chevroletforum.com,rule
https://chevroletforum.com,rule
http://news.kbs.co.kr,rule
http://news.kbs.co.kr,rule
https://www.darientimes.com,rule
http://www.seoul.co.kr,rule
https://genesisowners.com,rule
https://genesisowners.com,rule
https://genesisowners.com,rule
https://genesisowners.com,rule
https://genesisowners.com,rule
https://genesisowners.com,rule
https://genesisowners.com,rule
https://genesisowners.com,rule
https://genesisowners.com,rule
https://www.truedelta.com,rule
http://www.wheelsjamaica.com,rule
http://www.somerset-kentucky.com,rule
http://www.nbc12.com,rule
https://www.carpang.com,rule
https://www.carpang.com,rule
https://www.myg37.com,rule
https://www.myg37.com,rule
https://www.myg37.com,rule
https://www.carisyou.com,rule
https://www.carisyou.com,rule
https://www.carisyou.com,rule
https://www.cardekho.com,rule
https://www.cardekho.com,rule
https://www.cardekho.com,rule
https://www.cardekho.com,rule
https://www.cardekho.com,rule
https://www.cardekho.com,rule
https://www.cardekho.com,rule
https://www.cardekho.com,rule
https://www.cardekho.com,rule
https://www.cardekho.com,rule
https://www.cardekho.com,rule
https://www.cardekho.com,rule
https://www.cardekho.com,rule
https://www.cardekho.com,rule
https://www.cardekho.com,rule
https://www.cardekho.com,rule
https://www.cardekho.com,rule
https://www.cardekho.com,rule
https://www.cardekho.com,rule
https://www.cardekho.com,rule
https://www.cardekho.com,rule
https://www.cardekho.com,rule
https://www.cardekho.com,rule
https://www.cardekho.com,rule
https://www.cardekho.com,rule
https://www.cardekho.com,rule
https://www.cardekho.com,rule
https://www.cardekho.com,rule
https://www.cardekho.com,rule
https://www.cardekho.com,rule
https://www.cardekho.com,rule
https://www.cardekho.com,rule
https://www.cardekho.com,rule
https://www.cardekho.com,rule
https://www.cardekho.com,rule
https://www.cardekho.com,rule
https://www.cardekho.com,rule
https://www.cardekho.com,rule
https://www.cardekho.com,rule
https://www.cardekho.com,rule
https://www.cardekho.com,rule
https://www.cardekho.com,rule
https://www.cardekho.com,rule
https://www.cardekho.com,rule
https://www.cardekho.com,rule
https://www.cardekho.com,rule
https://www.cardekho.com,rule
https://www.cardekho.com,rule
https://www.cardekho.com,rule
https://www.cardekho.com,rule
https://www.cardekho.com,rule
https://www.cardekho.com,rule
https://www.cardekho.com,rule
http://www.dailypost.co.uk,rule
http://www.walesonline.co.uk,rule
http://www.walesonline.co.uk,rule
https://www.6speedonline.com,rule
https://www.6speedonline.com,rule
https://www.6speedonline.com,rule
https://www.6speedonline.com,rule
http://www.carlife.net,rule
http://www.carlife.net,rule
http://www.carlife.net,rule
https://www.theyeshivaworld.com,rule
https://www.simcoe.com,rule
http://www.kidd.co.kr,white_html
http://otmur.com,white_html
http://www.kia.com,white_html
http://www.surecritic.com,white_html
http://bgr.com,white_html
https://www.just-auto.com,white_html
http://newsbits.mb.com.ph,white_html
http://roadtest.co.kr,white_html
http://starrfmonline.com,white_html
https://www.mocgb.net,white_html
http://www.autoomobile.com,white_html
http://www.newsprime.co.kr,white_html
http://www.subaruoutback.org,white_html
https://pontiacforum.com,white_html
http://www.itcle.com,white_html
https://www.autotrader.com,white_html
http://www.britishcarforum.com,white_html
http://car.asiae.co.kr,white_html
https://www.hyundai-forums.com,captcha
https://www.allpar.com,captcha
http://www.superhonda.com,captcha
https://www.vwforum.com,captcha
https://www.kugaownersclub.co.uk,captcha
https://www.vwforum.com,captcha
http://www.cvinfo.com,captcha
https://www.nissanforums.com,captcha
http://www.volkswagenforum.co.uk,captcha
http://www.bimmerfest.com,captcha
https://www.crvownersclub.com,captcha
https://teslamotorsclub.com,captcha
https://www.autoevolution.com,captcha
https://www.elantraforum.com,captcha
https://www.mumsnet.com,status_code
http://chicago.cbslocal.com,status_code
https://mark.reevoo.com,status_code
https://mark.reevoo.com,status_code
http://car.chosun.com,status_code
http://www.volvocars.com,status_code
http://daily.hankooki.com,status_code
http://www.girlracer.co.uk,status_code
http://www.vwhyundai.com,status_code
https://mobilesyrup.com,status_code
http://www.autoomobile.com,status_code
http://www.alphr.com,status_code
http://www.blueovalforums.com,status_code
http://www.dailycomet.com,status_code
https://mark.reevoo.com,status_code
http://roadtest.co.kr,status_code
http://roadtest.co.kr,status_code
http://roadtest.co.kr,status_code
https://auto.ndtv.com,status_code
https://auto.ndtv.com,status_code
http://fortune.com,status_code
http://www.hybridcars.com,status_code
http://cnbnews.com,status_code
https://www.just-auto.com,status_code
http://automotivedigest.com,status_code
https://www.industryleadersmagazine.com,status_code
http://www.driven.co.nz,status_code
http://www.driven.co.nz,status_code
http://www.driven.co.nz,status_code
http://www.migweb.co.uk,status_code
http://www.hyundaiownersclub.co.uk,status_code
http://discuss.carandbike.com,status_code
http://www.thecarexpert.co.uk,status_code
http://www.thecarexpert.co.uk,status_code
http://www.thecarexpert.co.uk,status_code
http://www.thecarexpert.co.uk,status_code
http://www.thecarexpert.co.uk,status_code
http://www.thecarexpert.co.uk,status_code
https://getcha.kr,status_code
https://getcha.kr,status_code
https://www.autobeatdaily.com,status_code
https://www.autobeatdaily.com,status_code
https://mark.reevoo.com,status_code
https://mark.reevoo.com,status_code
http://mark.reevoo.com,status_code
http://mark.reevoo.com,status_code
https://www.chicagotribune.com,status_code
http://www.spaciolibre.net,status_code
http://www.wowktv.com,status_code
http://www.cruzetalk.com,status_code
http://www.cruzetalk.com,status_code
http://www.cruzetalk.com,status_code
http://www.cruzetalk.com,status_code
http://www.cruzetalk.com,status_code
http://www.cruzetalk.com,status_code
http://www.cruzetalk.com,status_code
http://www.cruzetalk.com,status_code
http://www.cruzetalk.com,status_code
http://www.cctoday.co.kr,status_code
http://www.migweb.co.uk,status_code
http://www.thechronicleherald.ca,status_code
http://www.thechronicleherald.ca,status_code
http://www.inautonews.com,status_code
http://www.inautonews.com,status_code
http://www.inautonews.com,status_code
http://www.inautonews.com,status_code
http://www.inautonews.com,status_code
http://www.inautonews.com,status_code
http://www.inautonews.com,status_code
http://www.migweb.co.uk,status_code
https://www.motor1.com,status_code
http://esquirekorea.co.kr,status_code
http://www.businesskorea.co.kr,status_code
http://www.mediawhat.co.kr,status_code
http://www.carguy.kr,status_code
http://www.carguy.kr,status_code
http://www.carguy.kr,status_code
http://www.carguy.kr,status_code
http://www.carguy.kr,status_code
http://www.carguy.kr,status_code
http://www.carguy.kr,status_code
http://petrolblog.com,status_code
http://petrolblog.com,status_code
http://petrolblog.com,status_code
http://petrolblog.com,status_code
http://www.motoring.com.au,status_code
http://motoringcrunch.com,status_code
http://motoringcrunch.com,status_code
http://www.newsway.co.kr,status_code
https://recombu.com,status_code
https://www.aol.co.uk,status_code
http://www.nytimes.com,status_code
http://www.qctsw.com,status_code
http://www.qctsw.com,status_code
http://www.qctsw.com,status_code
http://www.qctsw.com,status_code
http://www.qctsw.com,status_code
http://www.qctsw.com,status_code
http://www.qctsw.com,status_code
http://www.spaldingtoday.co.uk,status_code
http://hyundaiclub.co.uk,status_code
http://hyundaiclub.co.uk,status_code
http://www.theiauto.com,status_code
http://citroenforums.co.uk,status_code
http://citroenforums.co.uk,status_code
http://www.businessvans.co.uk,status_code
http://maeripinside.com,status_code
http://maeripinside.com,status_code
http://maeripinside.com,status_code
http://www.surecritic.com,no_content
http://www.ceomagazine.co.kr,no_content
http://prwire.com.au,no_content
http://www.thaiauto.or.th,no_content
https://www.cars.co.za,no_content
http://www.fetimes.co.kr,no_content
http://www.scinews.kr,no_content
http://www.dailyseoul.co.kr,no_content
http://www.dailyseoul.co.kr,no_content
https://dosmagazine.com,no_content
http://www.mydaily.co.kr,no_content
https://simplydarrling.com,no_content
http://autotimes.hankyung.com,no_content
http://autotimes.hankyung.com,no_content
http://autotimes.hankyung.com,no_content
http://www.motline.com,no_schedule
http://www.britishcarforum.com,no_schedule
https://www.rac.co.uk,no_schedule
http://www.newsm5club.kr,no_schedule
http://www.britishcarforum.com,no_schedule
http://www.mobilenapps.com,no_schedule
http://www.britishcarforum.com,no_schedule
http://www.dieselcar.com,no_schedule
http://www.britishcarforum.com,no_schedule
http://www.britishcarforum.com,no_schedule
https://geardiary.com,no_schedule
https://www.rac.co.uk,no_schedule
http://automiddleeast.com,no_schedule
https://www.cruzetalk.com,no_schedule
http://www.timesdaily.com,no_schedule
http://www.stltoday.com,no_schedule
http://www.ds4ownersclub.co.uk,no_schedule
http://www.c1oc.co.uk,no_schedule
http://www.c1oc.co.uk,no_schedule
http://www.c1oc.co.uk,no_schedule
http://www.richmond.com,no_schedule
http://www.somerset-kentucky.com,no_schedule
http://www.stltoday.com,no_schedule
http://www.cadenzaforum.com,no_schedule
http://www.cadenzaforum.com,no_schedule
http://www.cadenzaforum.com,no_schedule
http://www.mykiasoulev.com,no_schedule
http://www.2008ownersclub.co.uk,no_schedule
http://www.2008ownersclub.co.uk,no_schedule
http://www.2008ownersclub.co.uk,no_schedule
http://www.ds4ownersclub.co.uk,no_schedule
http://www.ds4ownersclub.co.uk,no_schedule
https://uberpeople.net,no_schedule
https://uberpeople.net,no_schedule
https://uberpeople.net,no_schedule
https://www.elantraforum.com,no_schedule
https://www.elantraforum.com,no_schedule
https://www.elantraforum.com,no_schedule
https://www.volkszone.com,no_schedule
https://www.volkszone.com,no_schedule
https://www.toyotanation.com,no_schedule
https://www.toyotanation.com,no_schedule
https://www.toyotanation.com,no_schedule
https://www.toyotanation.com,no_schedule
http://www.autoguide.com,no_schedule
http://www.autoguide.com,no_schedule
http://www.autoguide.com,no_schedule
https://www.vauxhallownersnetwork.co.uk,no_schedule
https://www.vauxhallownersnetwork.co.uk,no_schedule
https://www.vauxhallownersnetwork.co.uk,no_schedule
https://www.vauxhallownersnetwork.co.uk,no_schedule
https://www.vauxhallownersnetwork.co.uk,no_schedule
https://www.vwt4forum.co.uk,no_schedule
https://www.vwt4forum.co.uk,no_schedule
https://www.vwt4forum.co.uk,no_schedule
https://www.vwt4forum.co.uk,no_schedule
https://www.vwt4forum.co.uk,no_schedule
https://www.forteforums.com,no_schedule
https://www.forteforums.com,no_schedule
https://www.forteforums.com,no_schedule
https://www.forteforums.com,no_schedule
https://www.forteforums.com,no_schedule
https://www.fordforums.com,no_schedule
https://www.fordforums.com,no_schedule
https://www.fordforums.com,no_schedule
https://www.fordforums.com,no_schedule
https://www.fordforums.com,no_schedule
https://www.fordforums.com,no_schedule
http://forums.vwvortex.com,no_schedule
http://forums.vwvortex.com,no_schedule
http://forums.vwvortex.com,no_schedule
http://forums.vwvortex.com,no_schedule
http://forums.vwvortex.com,no_schedule
http://forums.vwvortex.com,no_schedule
http://forums.vwvortex.com,no_schedule
http://forums.vwvortex.com,no_schedule
http://forums.vwvortex.com,no_schedule
https://www.peugeotforums.com,no_schedule
https://www.peugeotforums.com,no_schedule
https://www.peugeotforums.com,no_schedule
https://www.peugeotforums.com,no_schedule
https://www.peugeotforums.com,no_schedule
https://www.peugeotforums.com,no_schedule
https://www.peugeotforums.com,no_schedule
https://www.peugeotforums.com,no_schedule
https://www.peugeotforums.com,no_schedule
http://www.hybridcars.com,no_schedule
http://www.hybridcars.com,no_schedule
http://www.hybridcars.com,no_schedule
http://www.hybridcars.com,no_schedule
http://www.hybridcars.com,no_schedule
https://mercedesforum.com,no_schedule
http://www.hybridcars.com,no_schedule
http://www.hybridcars.com,no_schedule
http://www.hybridcars.com,no_schedule
http://www.hybridcars.com,no_schedule
http://www.hybridcars.com,no_schedule
http://www.hybridcars.com,no_schedule
http://www.hybridcars.com,no_schedule
http://www.hybridcars.com,no_schedule
http://www.hybridcars.com,no_schedule
http://www.hybridcars.com,no_schedule
http://www.equinoxforum.net,no_schedule
http://www.equinoxforum.net,no_schedule
http://www.equinoxforum.net,no_schedule
http://www.equinoxforum.net,no_schedule
http://www.equinoxforum.net,no_schedule
http://www.equinoxforum.net,no_schedule
http://www.equinoxforum.net,no_schedule
http://www.equinoxforum.net,no_schedule
http://www.equinoxforum.net,no_schedule
http://www.equinoxforum.net,no_schedule
http://www.equinoxforum.net,no_schedule
http://www.equinoxforum.net,no_schedule
http://www.equinoxforum.net,no_schedule
http://www.equinoxforum.net,no_schedule
http://www.equinoxforum.net,no_schedule
https://www.subaruoutback.org,no_schedule
https://www.subaruoutback.org,no_schedule
https://www.subaruoutback.org,no_schedule
https://www.subaruoutback.org,no_schedule
https://www.subaruoutback.org,no_schedule
https://www.subaruoutback.org,no_schedule
https://www.subaruoutback.org,no_schedule
https://www.subaruoutback.org,no_schedule
https://www.subaruoutback.org,no_schedule
https://www.subaruoutback.org,no_schedule
https://www.subaruoutback.org,no_schedule
https://www.subaruoutback.org,no_schedule
https://www.subaruoutback.org,no_schedule
https://www.subaruoutback.org,no_schedule
https://www.subaruoutback.org,no_schedule
https://www.subaruoutback.org,no_schedule
http://www.insidercarnews.com,no_schedule
http://www.gpkorea.com,no_schedule
http://www.gpkorea.com,no_schedule
http://roadtest.co.kr,no_schedule
http://roadtest.co.kr,no_schedule
http://roadtest.co.kr,no_schedule
http://roadtest.co.kr,no_schedule
http://roadtest.co.kr,no_schedule
http://roadtest.co.kr,no_schedule
http://roadtest.co.kr,no_schedule
http://roadtest.co.kr,no_schedule
http://roadtest.co.kr,no_schedule
http://roadtest.co.kr,no_schedule
http://roadtest.co.kr,no_schedule
http://roadtest.co.kr,no_schedule
http://roadtest.co.kr,no_schedule
http://roadtest.co.kr,no_schedule
http://roadtest.co.kr,no_schedule
http://roadtest.co.kr,no_schedule
http://roadtest.co.kr,no_schedule
http://roadtest.co.kr,no_schedule
http://roadtest.co.kr,no_schedule
http://roadtest.co.kr,no_schedule
http://roadtest.co.kr,no_schedule
http://price.pcauto.com.cn,no_schedule
http://price.pcauto.com.cn,no_schedule
http://price.pcauto.com.cn,no_schedule
http://price.pcauto.com.cn,no_schedule
http://price.pcauto.com.cn,no_schedule
http://price.pcauto.com.cn,no_schedule
http://price.pcauto.com.cn,no_schedule
http://price.pcauto.com.cn,no_schedule
http://price.pcauto.com.cn,no_schedule
http://price.pcauto.com.cn,no_schedule
http://price.pcauto.com.cn,no_schedule
http://price.pcauto.com.cn,no_schedule
http://price.pcauto.com.cn,no_schedule
http://price.pcauto.com.cn,no_schedule
http://price.pcauto.com.cn,no_schedule
http://price.pcauto.com.cn,no_schedule
http://price.pcauto.com.cn,no_schedule
http://price.pcauto.com.cn,no_schedule
http://price.pcauto.com.cn,no_schedule
http://price.pcauto.com.cn,no_schedule
http://price.pcauto.com.cn,no_schedule
http://price.pcauto.com.cn,no_schedule
http://price.pcauto.com.cn,no_schedule
http://price.pcauto.com.cn,no_schedule
http://price.pcauto.com.cn,no_schedule
http://price.pcauto.com.cn,no_schedule
http://price.pcauto.com.cn,no_schedule
http://price.pcauto.com.cn,no_schedule
http://price.pcauto.com.cn,no_schedule
http://price.pcauto.com.cn,no_schedule
http://price.pcauto.com.cn,no_schedule
http://price.pcauto.com.cn,no_schedule
http://price.pcauto.com.cn,no_schedule
http://price.pcauto.com.cn,no_schedule
http://price.pcauto.com.cn,no_schedule
http://price.pcauto.com.cn,no_schedule
http://price.pcauto.com.cn,no_schedule
http://price.pcauto.com.cn,no_schedule
http://price.pcauto.com.cn,no_schedule
http://price.pcauto.com.cn,no_schedule
http://price.pcauto.com.cn,no_schedule
http://price.pcauto.com.cn,no_schedule
http://price.pcauto.com.cn,no_schedule
http://price.pcauto.com.cn,no_schedule
http://price.pcauto.com.cn,no_schedule
http://price.pcauto.com.cn,no_schedule
http://price.pcauto.com.cn,no_schedule
http://price.pcauto.com.cn,no_schedule
http://price.pcauto.com.cn,no_schedule
http://price.pcauto.com.cn,no_schedule
http://price.pcauto.com.cn,no_schedule
http://price.pcauto.com.cn,no_schedule
http://price.pcauto.com.cn,no_schedule
http://price.pcauto.com.cn,no_schedule
http://price.pcauto.com.cn,no_schedule
http://price.pcauto.com.cn,no_schedule
http://price.pcauto.com.cn,no_schedule
http://price.pcauto.com.cn,no_schedule
http://price.pcauto.com.cn,no_schedule
http://price.pcauto.com.cn,no_schedule
http://price.pcauto.com.cn,no_schedule
http://price.pcauto.com.cn,no_schedule
http://price.pcauto.com.cn,no_schedule
http://price.pcauto.com.cn,no_schedule
http://price.pcauto.com.cn,no_schedule
http://price.pcauto.com.cn,no_schedule
http://price.pcauto.com.cn,no_schedule
http://price.pcauto.com.cn,no_schedule
http://price.pcauto.com.cn,no_schedule
http://price.pcauto.com.cn,no_schedule
http://price.pcauto.com.cn,no_schedule
http://price.pcauto.com.cn,no_schedule
http://price.pcauto.com.cn,no_schedule
http://price.pcauto.com.cn,no_schedule
http://price.pcauto.com.cn,no_schedule
http://price.pcauto.com.cn,no_schedule
http://price.pcauto.com.cn,no_schedule
http://price.pcauto.com.cn,no_schedule
http://price.pcauto.com.cn,no_schedule
http://price.pcauto.com.cn,no_schedule
http://price.pcauto.com.cn,no_schedule
http://price.pcauto.com.cn,no_schedule
http://price.pcauto.com.cn,no_schedule
http://price.pcauto.com.cn,no_schedule
http://price.pcauto.com.cn,no_schedule
http://price.pcauto.com.cn,no_schedule
http://price.pcauto.com.cn,no_schedule
http://price.pcauto.com.cn,no_schedule
http://price.pcauto.com.cn,no_schedule
http://price.pcauto.com.cn,no_schedule
http://price.pcauto.com.cn,no_schedule
http://price.pcauto.com.cn,no_schedule
http://price.pcauto.com.cn,no_schedule
http://price.pcauto.com.cn,no_schedule
http://price.pcauto.com.cn,no_schedule
http://price.pcauto.com.cn,no_schedule
http://price.pcauto.com.cn,no_schedule
http://price.pcauto.com.cn,no_schedule
http://price.pcauto.com.cn,no_schedule
http://price.pcauto.com.cn,no_schedule
http://price.pcauto.com.cn,no_schedule
http://price.pcauto.com.cn,no_schedule
http://price.pcauto.com.cn,no_schedule
http://price.pcauto.com.cn,no_schedule
http://price.pcauto.com.cn,no_schedule
http://price.pcauto.com.cn,no_schedule
http://price.pcauto.com.cn,no_schedule
http://price.pcauto.com.cn,no_schedule
http://price.pcauto.com.cn,no_schedule
http://price.pcauto.com.cn,no_schedule
http://price.pcauto.com.cn,no_schedule
http://price.pcauto.com.cn,no_schedule
http://price.pcauto.com.cn,no_schedule
http://price.pcauto.com.cn,no_schedule
http://price.pcauto.com.cn,no_schedule
http://price.pcauto.com.cn,no_schedule
http://price.pcauto.com.cn,no_schedule
http://price.pcauto.com.cn,no_schedule
http://price.pcauto.com.cn,no_schedule
http://price.pcauto.com.cn,no_schedule
http://price.pcauto.com.cn,no_schedule
http://price.pcauto.com.cn,no_schedule
http://price.pcauto.com.cn,no_schedule
http://price.pcauto.com.cn,no_schedule
http://price.pcauto.com.cn,no_schedule
http://price.pcauto.com.cn,no_schedule
http://price.pcauto.com.cn,no_schedule
http://price.pcauto.com.cn,no_schedule
http://price.pcauto.com.cn,no_schedule
http://price.pcauto.com.cn,no_schedule
http://price.pcauto.com.cn,no_schedule
http://price.pcauto.com.cn,no_schedule
http://price.pcauto.com.cn,no_schedule
http://price.pcauto.com.cn,no_schedule
http://price.pcauto.com.cn,no_schedule
http://price.pcauto.com.cn,no_schedule
http://price.pcauto.com.cn,no_schedule
http://price.pcauto.com.cn,no_schedule
http://price.pcauto.com.cn,no_schedule
http://price.pcauto.com.cn,no_schedule
http://price.pcauto.com.cn,no_schedule
http://price.pcauto.com.cn,no_schedule
http://price.pcauto.com.cn,no_schedule
http://price.pcauto.com.cn,no_schedule
http://price.pcauto.com.cn,no_schedule
http://price.pcauto.com.cn,no_schedule
http://price.pcauto.com.cn,no_schedule
http://price.pcauto.com.cn,no_schedule
http://price.pcauto.com.cn,no_schedule
http://price.pcauto.com.cn,no_schedule
http://price.pcauto.com.cn,no_schedule
http://price.pcauto.com.cn,no_schedule
http://price.pcauto.com.cn,no_schedule
http://price.pcauto.com.cn,no_schedule
http://price.pcauto.com.cn,no_schedule
http://price.pcauto.com.cn,no_schedule
http://price.pcauto.com.cn,no_schedule
http://price.pcauto.com.cn,no_schedule
http://price.pcauto.com.cn,no_schedule
http://price.pcauto.com.cn,no_schedule
http://price.pcauto.com.cn,no_schedule
http://price.pcauto.com.cn,no_schedule
http://price.pcauto.com.cn,no_schedule
http://price.pcauto.com.cn,no_schedule
http://price.pcauto.com.cn,no_schedule
http://price.pcauto.com.cn,no_schedule
http://price.pcauto.com.cn,no_schedule
http://price.pcauto.com.cn,no_schedule
http://price.pcauto.com.cn,no_schedule
http://price.pcauto.com.cn,no_schedule
http://price.pcauto.com.cn,no_schedule
http://price.pcauto.com.cn,no_schedule
http://price.pcauto.com.cn,no_schedule
http://price.pcauto.com.cn,no_schedule
http://price.pcauto.com.cn,no_schedule
http://price.pcauto.com.cn,no_schedule
http://price.pcauto.com.cn,no_schedule
http://price.pcauto.com.cn,no_schedule
http://price.pcauto.com.cn,no_schedule
http://price.pcauto.com.cn,no_schedule
http://price.pcauto.com.cn,no_schedule
http://price.pcauto.com.cn,no_schedule
http://price.pcauto.com.cn,no_schedule
http://price.pcauto.com.cn,no_schedule
http://price.pcauto.com.cn,no_schedule
http://price.pcauto.com.cn,no_schedule
http://price.pcauto.com.cn,no_schedule
http://price.pcauto.com.cn,no_schedule
http://price.pcauto.com.cn,no_schedule
http://price.pcauto.com.cn,no_schedule
http://price.pcauto.com.cn,no_schedule
http://price.pcauto.com.cn,no_schedule
http://price.pcauto.com.cn,no_schedule
http://price.pcauto.com.cn,no_schedule
http://price.pcauto.com.cn,no_schedule
http://price.pcauto.com.cn,no_schedule
http://price.pcauto.com.cn,no_schedule
http://price.pcauto.com.cn,no_schedule
http://price.pcauto.com.cn,no_schedule
http://price.pcauto.com.cn,no_schedule
http://price.pcauto.com.cn,no_schedule
http://price.pcauto.com.cn,no_schedule
http://price.pcauto.com.cn,no_schedule
http://price.pcauto.com.cn,no_schedule
http://price.pcauto.com.cn,no_schedule
http://price.pcauto.com.cn,no_schedule
http://price.pcauto.com.cn,no_schedule
http://price.pcauto.com.cn,no_schedule
http://price.pcauto.com.cn,no_schedule
http://price.pcauto.com.cn,no_schedule
http://price.pcauto.com.cn,no_schedule
http://price.pcauto.com.cn,no_schedule
http://price.pcauto.com.cn,no_schedule
http://price.pcauto.com.cn,no_schedule
http://price.pcauto.com.cn,no_schedule
http://price.pcauto.com.cn,no_schedule
http://price.pcauto.com.cn,no_schedule
http://price.pcauto.com.cn,no_schedule
http://price.pcauto.com.cn,no_schedule
http://price.pcauto.com.cn,no_schedule
http://price.pcauto.com.cn,no_schedule
http://price.pcauto.com.cn,no_schedule
http://price.pcauto.com.cn,no_schedule
http://price.pcauto.com.cn,no_schedule
http://price.pcauto.com.cn,no_schedule
http://price.pcauto.com.cn,no_schedule
http://price.pcauto.com.cn,no_schedule
http://price.pcauto.com.cn,no_schedule
http://price.pcauto.com.cn,no_schedule
http://price.pcauto.com.cn,no_schedule
http://price.pcauto.com.cn,no_schedule
http://price.pcauto.com.cn,no_schedule
http://price.pcauto.com.cn,no_schedule
http://price.pcauto.com.cn,no_schedule
http://price.pcauto.com.cn,no_schedule
http://price.pcauto.com.cn,no_schedule
http://price.pcauto.com.cn,no_schedule
http://price.pcauto.com.cn,no_schedule
http://price.pcauto.com.cn,no_schedule
http://price.pcauto.com.cn,no_schedule
http://price.pcauto.com.cn,no_schedule
http://price.pcauto.com.cn,no_schedule
http://price.pcauto.com.cn,no_schedule
http://price.pcauto.com.cn,no_schedule
http://price.pcauto.com.cn,no_schedule
http://price.pcauto.com.cn,no_schedule
http://price.pcauto.com.cn,no_schedule
http://price.pcauto.com.cn,no_schedule
http://price.pcauto.com.cn,no_schedule
http://price.pcauto.com.cn,no_schedule
http://price.pcauto.com.cn,no_schedule
http://price.pcauto.com.cn,no_schedule
http://price.pcauto.com.cn,no_schedule
http://price.pcauto.com.cn,no_schedule
http://price.pcauto.com.cn,no_schedule
http://price.pcauto.com.cn,no_schedule
http://price.pcauto.com.cn,no_schedule
http://price.pcauto.com.cn,no_schedule
http://price.pcauto.com.cn,no_schedule
http://price.pcauto.com.cn,no_schedule
http://price.pcauto.com.cn,no_schedule
http://price.pcauto.com.cn,no_schedule
http://price.pcauto.com.cn,no_schedule
http://price.pcauto.com.cn,no_schedule
http://price.pcauto.com.cn,no_schedule
http://price.pcauto.com.cn,no_schedule
http://price.pcauto.com.cn,no_schedule
http://price.pcauto.com.cn,no_schedule
http://price.pcauto.com.cn,no_schedule
http://price.pcauto.com.cn,no_schedule
http://price.pcauto.com.cn,no_schedule
http://price.pcauto.com.cn,no_schedule
http://price.pcauto.com.cn,no_schedule
http://price.pcauto.com.cn,no_schedule
http://price.pcauto.com.cn,no_schedule
http://price.pcauto.com.cn,no_schedule
http://price.pcauto.com.cn,no_schedule
http://price.pcauto.com.cn,no_schedule
http://price.pcauto.com.cn,no_schedule
http://price.pcauto.com.cn,no_schedule
http://price.pcauto.com.cn,no_schedule
http://price.pcauto.com.cn,no_schedule
http://price.pcauto.com.cn,no_schedule
http://price.pcauto.com.cn,no_schedule
http://price.pcauto.com.cn,no_schedule
http://price.pcauto.com.cn,no_schedule
http://price.pcauto.com.cn,no_schedule
http://price.pcauto.com.cn,no_schedule
http://price.pcauto.com.cn,no_schedule
http://price.pcauto.com.cn,no_schedule
http://price.pcauto.com.cn,no_schedule
http://price.pcauto.com.cn,no_schedule
http://price.pcauto.com.cn,no_schedule
http://price.pcauto.com.cn,no_schedule
http://price.pcauto.com.cn,no_schedule
http://price.pcauto.com.cn,no_schedule
http://price.pcauto.com.cn,no_schedule
http://price.pcauto.com.cn,no_schedule
http://price.pcauto.com.cn,no_schedule
http://price.pcauto.com.cn,no_schedule
http://price.pcauto.com.cn,no_schedule
http://price.pcauto.com.cn,no_schedule
http://price.pcauto.com.cn,no_schedule
http://price.pcauto.com.cn,no_schedule
http://price.pcauto.com.cn,no_schedule
http://price.pcauto.com.cn,no_schedule
http://price.pcauto.com.cn,no_schedule
http://price.pcauto.com.cn,no_schedule
http://price.pcauto.com.cn,no_schedule
http://price.pcauto.com.cn,no_schedule
http://price.pcauto.com.cn,no_schedule
http://price.pcauto.com.cn,no_schedule
http://price.pcauto.com.cn,no_schedule
http://price.pcauto.com.cn,no_schedule
http://price.pcauto.com.cn,no_schedule
http://price.pcauto.com.cn,no_schedule
http://price.pcauto.com.cn,no_schedule
http://price.pcauto.com.cn,no_schedule
http://price.pcauto.com.cn,no_schedule
http://price.pcauto.com.cn,no_schedule
http://price.pcauto.com.cn,no_schedule
http://price.pcauto.com.cn,no_schedule
http://price.pcauto.com.cn,no_schedule
http://price.pcauto.com.cn,no_schedule
http://price.pcauto.com.cn,no_schedule
http://price.pcauto.com.cn,no_schedule
http://price.pcauto.com.cn,no_schedule
http://price.pcauto.com.cn,no_schedule
http://price.pcauto.com.cn,no_schedule
http://price.pcauto.com.cn,no_schedule
http://price.pcauto.com.cn,no_schedule
http://price.pcauto.com.cn,no_schedule
http://price.pcauto.com.cn,no_schedule
http://price.pcauto.com.cn,no_schedule
http://price.pcauto.com.cn,no_schedule
http://price.pcauto.com.cn,no_schedule
http://price.pcauto.com.cn,no_schedule
http://price.pcauto.com.cn,no_schedule
http://price.pcauto.com.cn,no_schedule
http://price.pcauto.com.cn,no_schedule
http://price.pcauto.com.cn,no_schedule
http://price.pcauto.com.cn,no_schedule
http://price.pcauto.com.cn,no_schedule
http://price.pcauto.com.cn,no_schedule
http://price.pcauto.com.cn,no_schedule
http://price.pcauto.com.cn,no_schedule
http://price.pcauto.com.cn,no_schedule
http://price.pcauto.com.cn,no_schedule
http://price.pcauto.com.cn,no_schedule
http://price.pcauto.com.cn,no_schedule
http://price.pcauto.com.cn,no_schedule
http://price.pcauto.com.cn,no_schedule
http://price.pcauto.com.cn,no_schedule
http://price.pcauto.com.cn,no_schedule
http://price.pcauto.com.cn,no_schedule
http://price.pcauto.com.cn,no_schedule
http://price.pcauto.com.cn,no_schedule
http://price.pcauto.com.cn,no_schedule
http://price.pcauto.com.cn,no_schedule
http://price.pcauto.com.cn,no_schedule
http://price.pcauto.com.cn,no_schedule
http://price.pcauto.com.cn,no_schedule
http://price.pcauto.com.cn,no_schedule
http://price.pcauto.com.cn,no_schedule
http://price.pcauto.com.cn,no_schedule
http://price.pcauto.com.cn,no_schedule
http://price.pcauto.com.cn,no_schedule
http://price.pcauto.com.cn,no_schedule
http://price.pcauto.com.cn,no_schedule
http://price.pcauto.com.cn,no_schedule
http://price.pcauto.com.cn,no_schedule
http://price.pcauto.com.cn,no_schedule
http://price.pcauto.com.cn,no_schedule
http://price.pcauto.com.cn,no_schedule
http://price.pcauto.com.cn,no_schedule
http://price.pcauto.com.cn,no_schedule
http://price.pcauto.com.cn,no_schedule
http://price.pcauto.com.cn,no_schedule
http://price.pcauto.com.cn,no_schedule
http://price.pcauto.com.cn,no_schedule
http://price.pcauto.com.cn,no_schedule
http://price.pcauto.com.cn,no_schedule
http://price.pcauto.com.cn,no_schedule
http://price.pcauto.com.cn,no_schedule
http://price.pcauto.com.cn,no_schedule
http://price.pcauto.com.cn,no_schedule
http://price.pcauto.com.cn,no_schedule
http://price.pcauto.com.cn,no_schedule
http://price.pcauto.com.cn,no_schedule
http://price.pcauto.com.cn,no_schedule
http://price.pcauto.com.cn,no_schedule
http://price.pcauto.com.cn,no_schedule
http://price.pcauto.com.cn,no_schedule
http://price.pcauto.com.cn,no_schedule
http://price.pcauto.com.cn,no_schedule
http://price.pcauto.com.cn,no_schedule
http://price.pcauto.com.cn,no_schedule
http://price.pcauto.com.cn,no_schedule
http://price.pcauto.com.cn,no_schedule
http://price.pcauto.com.cn,no_schedule
http://price.pcauto.com.cn,no_schedule
http://price.pcauto.com.cn,no_schedule
http://price.pcauto.com.cn,no_schedule
http://price.pcauto.com.cn,no_schedule
http://price.pcauto.com.cn,no_schedule
http://price.pcauto.com.cn,no_schedule
http://price.pcauto.com.cn,no_schedule
http://price.pcauto.com.cn,no_schedule
http://price.pcauto.com.cn,no_schedule
http://price.pcauto.com.cn,no_schedule
http://price.pcauto.com.cn,no_schedule
http://price.pcauto.com.cn,no_schedule
http://price.pcauto.com.cn,no_schedule
http://price.pcauto.com.cn,no_schedule
http://price.pcauto.com.cn,no_schedule
http://price.pcauto.com.cn,no_schedule
http://price.pcauto.com.cn,no_schedule
http://price.pcauto.com.cn,no_schedule
http://price.pcauto.com.cn,no_schedule
http://price.pcauto.com.cn,no_schedule
http://price.pcauto.com.cn,no_schedule
http://price.pcauto.com.cn,no_schedule
http://price.pcauto.com.cn,no_schedule
http://price.pcauto.com.cn,no_schedule
http://price.pcauto.com.cn,no_schedule
http://price.pcauto.com.cn,no_schedule
http://price.pcauto.com.cn,no_schedule
http://price.pcauto.com.cn,no_schedule
http://price.pcauto.com.cn,no_schedule
http://price.pcauto.com.cn,no_schedule
http://price.pcauto.com.cn,no_schedule
http://price.pcauto.com.cn,no_schedule
http://price.pcauto.com.cn,no_schedule
http://price.pcauto.com.cn,no_schedule
http://price.pcauto.com.cn,no_schedule
http://price.pcauto.com.cn,no_schedule
http://price.pcauto.com.cn,no_schedule
http://price.pcauto.com.cn,no_schedule
http://price.pcauto.com.cn,no_schedule
http://price.pcauto.com.cn,no_schedule
http://price.pcauto.com.cn,no_schedule
http://price.pcauto.com.cn,no_schedule
http://price.pcauto.com.cn,no_schedule
http://price.pcauto.com.cn,no_schedule
http://price.pcauto.com.cn,no_schedule
http://price.pcauto.com.cn,no_schedule
http://price.pcauto.com.cn,no_schedule
http://price.pcauto.com.cn,no_schedule
http://price.pcauto.com.cn,no_schedule
http://price.pcauto.com.cn,no_schedule
http://price.pcauto.com.cn,no_schedule
http://price.pcauto.com.cn,no_schedule
http://price.pcauto.com.cn,no_schedule
http://price.pcauto.com.cn,no_schedule
http://price.pcauto.com.cn,no_schedule
http://price.pcauto.com.cn,no_schedule
http://price.pcauto.com.cn,no_schedule
http://price.pcauto.com.cn,no_schedule
http://price.pcauto.com.cn,no_schedule
http://price.pcauto.com.cn,no_schedule
http://price.pcauto.com.cn,no_schedule
http://price.pcauto.com.cn,no_schedule
http://price.pcauto.com.cn,no_schedule
http://price.pcauto.com.cn,no_schedule
http://price.pcauto.com.cn,no_schedule
http://price.pcauto.com.cn,no_schedule
http://price.pcauto.com.cn,no_schedule
http://price.pcauto.com.cn,no_schedule
http://price.pcauto.com.cn,no_schedule
http://price.pcauto.com.cn,no_schedule
http://price.pcauto.com.cn,no_schedule
http://price.pcauto.com.cn,no_schedule
http://price.pcauto.com.cn,no_schedule
http://price.pcauto.com.cn,no_schedule
http://price.pcauto.com.cn,no_schedule
http://price.pcauto.com.cn,no_schedule
http://price.pcauto.com.cn,no_schedule
http://price.pcauto.com.cn,no_schedule
http://price.pcauto.com.cn,no_schedule
http://price.pcauto.com.cn,no_schedule
http://price.pcauto.com.cn,no_schedule
http://price.pcauto.com.cn,no_schedule
http://price.pcauto.com.cn,no_schedule
http://price.pcauto.com.cn,no_schedule
http://price.pcauto.com.cn,no_schedule
http://price.pcauto.com.cn,no_schedule
http://price.pcauto.com.cn,no_schedule
http://price.pcauto.com.cn,no_schedule
http://price.pcauto.com.cn,no_schedule
http://price.pcauto.com.cn,no_schedule
http://price.pcauto.com.cn,no_schedule
http://price.pcauto.com.cn,no_schedule
http://price.pcauto.com.cn,no_schedule
http://price.pcauto.com.cn,no_schedule
http://price.pcauto.com.cn,no_schedule
http://price.pcauto.com.cn,no_schedule
http://price.pcauto.com.cn,no_schedule
http://price.pcauto.com.cn,no_schedule
http://price.pcauto.com.cn,no_schedule
http://price.pcauto.com.cn,no_schedule
http://price.pcauto.com.cn,no_schedule
http://price.pcauto.com.cn,no_schedule
http://price.pcauto.com.cn,no_schedule
http://price.pcauto.com.cn,no_schedule
http://price.pcauto.com.cn,no_schedule
http://price.pcauto.com.cn,no_schedule
http://price.pcauto.com.cn,no_schedule
http://price.pcauto.com.cn,no_schedule
http://price.pcauto.com.cn,no_schedule
http://price.pcauto.com.cn,no_schedule
http://price.pcauto.com.cn,no_schedule
http://price.pcauto.com.cn,no_schedule
http://price.pcauto.com.cn,no_schedule
http://price.pcauto.com.cn,no_schedule
http://price.pcauto.com.cn,no_schedule
http://price.pcauto.com.cn,no_schedule
http://price.pcauto.com.cn,no_schedule
http://price.pcauto.com.cn,no_schedule
http://price.pcauto.com.cn,no_schedule
http://price.pcauto.com.cn,no_schedule
http://price.pcauto.com.cn,no_schedule
http://price.pcauto.com.cn,no_schedule
http://price.pcauto.com.cn,no_schedule
http://price.pcauto.com.cn,no_schedule
http://price.pcauto.com.cn,no_schedule
http://price.pcauto.com.cn,no_schedule
http://price.pcauto.com.cn,no_schedule
http://price.pcauto.com.cn,no_schedule
http://price.pcauto.com.cn,no_schedule
http://price.pcauto.com.cn,no_schedule
http://price.pcauto.com.cn,no_schedule
http://price.pcauto.com.cn,no_schedule
http://price.pcauto.com.cn,no_schedule
http://price.pcauto.com.cn,no_schedule
http://price.pcauto.com.cn,no_schedule
http://price.pcauto.com.cn,no_schedule
http://price.pcauto.com.cn,no_schedule
http://price.pcauto.com.cn,no_schedule
http://price.pcauto.com.cn,no_schedule
http://price.pcauto.com.cn,no_schedule
http://price.pcauto.com.cn,no_schedule
http://price.pcauto.com.cn,no_schedule
http://price.pcauto.com.cn,no_schedule
http://price.pcauto.com.cn,no_schedule
http://price.pcauto.com.cn,no_schedule
http://price.pcauto.com.cn,no_schedule
http://price.pcauto.com.cn,no_schedule
http://price.pcauto.com.cn,no_schedule
http://price.pcauto.com.cn,no_schedule
http://price.pcauto.com.cn,no_schedule
http://price.pcauto.com.cn,no_schedule
http://price.pcauto.com.cn,no_schedule
http://price.pcauto.com.cn,no_schedule
http://price.pcauto.com.cn,no_schedule
http://price.pcauto.com.cn,no_schedule
http://price.pcauto.com.cn,no_schedule
http://price.pcauto.com.cn,no_schedule
http://price.pcauto.com.cn,no_schedule
http://price.pcauto.com.cn,no_schedule
http://price.pcauto.com.cn,no_schedule
http://price.pcauto.com.cn,no_schedule
http://price.pcauto.com.cn,no_schedule
http://price.pcauto.com.cn,no_schedule
http://price.pcauto.com.cn,no_schedule
http://price.pcauto.com.cn,no_schedule
http://price.pcauto.com.cn,no_schedule
http://price.pcauto.com.cn,no_schedule
http://price.pcauto.com.cn,no_schedule
http://price.pcauto.com.cn,no_schedule
http://price.pcauto.com.cn,no_schedule
http://price.pcauto.com.cn,no_schedule
http://price.pcauto.com.cn,no_schedule
http://price.pcauto.com.cn,no_schedule
http://price.pcauto.com.cn,no_schedule
http://price.pcauto.com.cn,no_schedule
http://price.pcauto.com.cn,no_schedule
http://price.pcauto.com.cn,no_schedule
http://price.pcauto.com.cn,no_schedule
http://price.pcauto.com.cn,no_schedule
http://price.pcauto.com.cn,no_schedule
http://price.pcauto.com.cn,no_schedule
http://price.pcauto.com.cn,no_schedule
http://price.pcauto.com.cn,no_schedule
http://price.pcauto.com.cn,no_schedule
http://price.pcauto.com.cn,no_schedule
http://price.pcauto.com.cn,no_schedule
http://price.pcauto.com.cn,no_schedule
http://price.pcauto.com.cn,no_schedule
http://price.pcauto.com.cn,no_schedule
http://price.pcauto.com.cn,no_schedule
http://price.pcauto.com.cn,no_schedule
http://price.pcauto.com.cn,no_schedule
http://price.pcauto.com.cn,no_schedule
http://price.pcauto.com.cn,no_schedule
http://price.pcauto.com.cn,no_schedule
http://price.pcauto.com.cn,no_schedule
http://price.pcauto.com.cn,no_schedule
http://price.pcauto.com.cn,no_schedule
http://price.pcauto.com.cn,no_schedule
http://price.pcauto.com.cn,no_schedule
http://price.pcauto.com.cn,no_schedule
http://price.pcauto.com.cn,no_schedule
http://price.pcauto.com.cn,no_schedule
http://price.pcauto.com.cn,no_schedule
http://price.pcauto.com.cn,no_schedule
http://price.pcauto.com.cn,no_schedule
http://price.pcauto.com.cn,no_schedule
http://price.pcauto.com.cn,no_schedule
http://price.pcauto.com.cn,no_schedule
http://price.pcauto.com.cn,no_schedule
http://price.pcauto.com.cn,no_schedule
http://price.pcauto.com.cn,no_schedule
http://price.pcauto.com.cn,no_schedule
http://price.pcauto.com.cn,no_schedule
http://price.pcauto.com.cn,no_schedule
http://price.pcauto.com.cn,no_schedule
http://price.pcauto.com.cn,no_schedule
http://price.pcauto.com.cn,no_schedule
http://price.pcauto.com.cn,no_schedule
http://price.pcauto.com.cn,no_schedule
http://price.pcauto.com.cn,no_schedule
http://price.pcauto.com.cn,no_schedule
http://price.pcauto.com.cn,no_schedule
http://price.pcauto.com.cn,no_schedule
http://price.pcauto.com.cn,no_schedule
http://price.pcauto.com.cn,no_schedule
http://price.pcauto.com.cn,no_schedule
http://price.pcauto.com.cn,no_schedule
http://price.pcauto.com.cn,no_schedule
http://price.pcauto.com.cn,no_schedule
http://price.pcauto.com.cn,no_schedule
http://price.pcauto.com.cn,no_schedule
http://price.pcauto.com.cn,no_schedule
http://price.pcauto.com.cn,no_schedule
http://price.pcauto.com.cn,no_schedule
http://price.pcauto.com.cn,no_schedule
http://price.pcauto.com.cn,no_schedule
http://price.pcauto.com.cn,no_schedule
http://price.pcauto.com.cn,no_schedule
http://price.pcauto.com.cn,no_schedule
http://price.pcauto.com.cn,no_schedule
http://price.pcauto.com.cn,no_schedule
http://price.pcauto.com.cn,no_schedule
http://price.pcauto.com.cn,no_schedule
http://price.pcauto.com.cn,no_schedule
http://price.pcauto.com.cn,no_schedule
http://price.pcauto.com.cn,no_schedule
http://price.pcauto.com.cn,no_schedule
http://price.pcauto.com.cn,no_schedule
http://price.pcauto.com.cn,no_schedule
http://price.pcauto.com.cn,no_schedule
http://price.pcauto.com.cn,no_schedule
http://price.pcauto.com.cn,no_schedule
http://price.pcauto.com.cn,no_schedule
http://price.pcauto.com.cn,no_schedule
http://price.pcauto.com.cn,no_schedule
http://price.pcauto.com.cn,no_schedule
http://price.pcauto.com.cn,no_schedule
http://price.pcauto.com.cn,no_schedule
http://price.pcauto.com.cn,no_schedule
http://price.pcauto.com.cn,no_schedule
http://price.pcauto.com.cn,no_schedule
http://price.pcauto.com.cn,no_schedule
http://price.pcauto.com.cn,no_schedule
http://price.pcauto.com.cn,no_schedule
http://price.pcauto.com.cn,no_schedule
http://price.pcauto.com.cn,no_schedule
http://price.pcauto.com.cn,no_schedule
http://price.pcauto.com.cn,no_schedule
http://price.pcauto.com.cn,no_schedule
http://price.pcauto.com.cn,no_schedule
http://price.pcauto.com.cn,no_schedule
http://price.pcauto.com.cn,no_schedule
http://price.pcauto.com.cn,no_schedule
http://price.pcauto.com.cn,no_schedule
http://price.pcauto.com.cn,no_schedule
http://price.pcauto.com.cn,no_schedule
http://price.pcauto.com.cn,no_schedule
http://price.pcauto.com.cn,no_schedule
http://price.pcauto.com.cn,no_schedule
http://price.pcauto.com.cn,no_schedule
http://price.pcauto.com.cn,no_schedule
http://price.pcauto.com.cn,no_schedule
http://price.pcauto.com.cn,no_schedule
http://price.pcauto.com.cn,no_schedule
http://price.pcauto.com.cn,no_schedule
http://price.pcauto.com.cn,no_schedule
http://price.pcauto.com.cn,no_schedule
http://price.pcauto.com.cn,no_schedule
http://price.pcauto.com.cn,no_schedule
http://price.pcauto.com.cn,no_schedule
http://price.pcauto.com.cn,no_schedule
http://price.pcauto.com.cn,no_schedule
http://price.pcauto.com.cn,no_schedule
http://price.pcauto.com.cn,no_schedule
http://price.pcauto.com.cn,no_schedule
http://price.pcauto.com.cn,no_schedule
http://price.pcauto.com.cn,no_schedule
http://price.pcauto.com.cn,no_schedule
http://price.pcauto.com.cn,no_schedule
http://price.pcauto.com.cn,no_schedule
http://price.pcauto.com.cn,no_schedule
http://price.pcauto.com.cn,no_schedule
http://price.pcauto.com.cn,no_schedule
http://price.pcauto.com.cn,no_schedule
http://price.pcauto.com.cn,no_schedule
http://price.pcauto.com.cn,no_schedule
http://price.pcauto.com.cn,no_schedule
http://price.pcauto.com.cn,no_schedule
http://price.pcauto.com.cn,no_schedule
http://price.pcauto.com.cn,no_schedule
http://price.pcauto.com.cn,no_schedule
http://price.pcauto.com.cn,no_schedule
http://price.pcauto.com.cn,no_schedule
http://price.pcauto.com.cn,no_schedule
http://price.pcauto.com.cn,no_schedule
http://price.pcauto.com.cn,no_schedule
http://price.pcauto.com.cn,no_schedule
http://price.pcauto.com.cn,no_schedule
http://price.pcauto.com.cn,no_schedule
http://price.pcauto.com.cn,no_schedule
http://price.pcauto.com.cn,no_schedule
http://price.pcauto.com.cn,no_schedule
http://price.pcauto.com.cn,no_schedule
http://price.pcauto.com.cn,no_schedule
http://price.pcauto.com.cn,no_schedule
http://price.pcauto.com.cn,no_schedule
http://price.pcauto.com.cn,no_schedule
http://price.pcauto.com.cn,no_schedule
http://price.pcauto.com.cn,no_schedule
http://price.pcauto.com.cn,no_schedule
http://price.pcauto.com.cn,no_schedule
http://price.pcauto.com.cn,no_schedule
http://price.pcauto.com.cn,no_schedule
http://price.pcauto.com.cn,no_schedule
http://price.pcauto.com.cn,no_schedule
http://price.pcauto.com.cn,no_schedule
http://price.pcauto.com.cn,no_schedule
http://price.pcauto.com.cn,no_schedule
http://price.pcauto.com.cn,no_schedule
http://price.pcauto.com.cn,no_schedule
http://price.pcauto.com.cn,no_schedule
http://price.pcauto.com.cn,no_schedule
http://price.pcauto.com.cn,no_schedule
http://price.pcauto.com.cn,no_schedule
http://price.pcauto.com.cn,no_schedule
http://price.pcauto.com.cn,no_schedule
http://price.pcauto.com.cn,no_schedule
http://price.pcauto.com.cn,no_schedule
http://price.pcauto.com.cn,no_schedule
http://price.pcauto.com.cn,no_schedule
http://price.pcauto.com.cn,no_schedule
http://price.pcauto.com.cn,no_schedule
http://price.pcauto.com.cn,no_schedule
http://price.pcauto.com.cn,no_schedule
http://price.pcauto.com.cn,no_schedule
http://price.pcauto.com.cn,no_schedule
http://price.pcauto.com.cn,no_schedule
http://price.pcauto.com.cn,no_schedule
http://price.pcauto.com.cn,no_schedule
http://price.pcauto.com.cn,no_schedule
http://price.pcauto.com.cn,no_schedule
http://price.pcauto.com.cn,no_schedule
http://price.pcauto.com.cn,no_schedule
http://price.pcauto.com.cn,no_schedule
http://price.pcauto.com.cn,no_schedule
http://price.pcauto.com.cn,no_schedule
http://price.pcauto.com.cn,no_schedule
http://price.pcauto.com.cn,no_schedule
http://price.pcauto.com.cn,no_schedule
http://price.pcauto.com.cn,no_schedule
http://price.pcauto.com.cn,no_schedule
http://price.pcauto.com.cn,no_schedule
http://price.pcauto.com.cn,no_schedule
http://price.pcauto.com.cn,no_schedule
http://price.pcauto.com.cn,no_schedule
http://price.pcauto.com.cn,no_schedule
http://price.pcauto.com.cn,no_schedule
http://price.pcauto.com.cn,no_schedule
http://price.pcauto.com.cn,no_schedule
http://price.pcauto.com.cn,no_schedule
http://price.pcauto.com.cn,no_schedule
http://price.pcauto.com.cn,no_schedule
http://price.pcauto.com.cn,no_schedule
http://price.pcauto.com.cn,no_schedule
http://price.pcauto.com.cn,no_schedule
http://price.pcauto.com.cn,no_schedule
http://price.pcauto.com.cn,no_schedule
http://price.pcauto.com.cn,no_schedule
http://price.pcauto.com.cn,no_schedule
http://price.pcauto.com.cn,no_schedule
http://price.pcauto.com.cn,no_schedule
http://price.pcauto.com.cn,no_schedule
http://price.pcauto.com.cn,no_schedule
http://price.pcauto.com.cn,no_schedule
http://price.pcauto.com.cn,no_schedule
http://price.pcauto.com.cn,no_schedule
http://price.pcauto.com.cn,no_schedule
http://price.pcauto.com.cn,no_schedule
http://price.pcauto.com.cn,no_schedule
http://price.pcauto.com.cn,no_schedule
http://price.pcauto.com.cn,no_schedule
http://price.pcauto.com.cn,no_schedule
http://price.pcauto.com.cn,no_schedule
http://www.nydailynews.com,no_schedule
http://news.inews24.com,no_updated
http://www.cararticles.co.uk,no_updated
http://www.aitimes.kr,no_updated
http://www.kyeongin.com,no_updated
https://cnycentral.com,no_updated
https://www.boston.com,no_updated
https://dosmagazine.com,no_updated
https://simplydarrling.com,no_updated
https://www.autoblog.com,no_updated
http://www.autoblog.com,no_updated
http://autotimes.hankyung.com,no_updated
http://autotimes.hankyung.com,no_updated
http://autotimes.hankyung.com,no_updated
https://www.instagram.com,worker
https://www.carnewschina.com,worker
https://www.coastalhyundai.com,worker
https://www.autoserviceworld.com,worker
https://sg.news.yahoo.com,worker
https://leasing.com,worker
http://www.dailymail.co.uk,worker
http://www.segye.com,worker
http://www.eco-business.com,worker
http://www.hulldailymail.co.uk,worker
http://www.honestjohn.co.uk,worker
http://www.gyotongn.com,worker
http://www.ctvnews.ca,worker
http://www.batteryvehiclesociety.org.uk,worker
http://blog.nolimitmotorsport.com,worker
https://www.myg37.com,worker
https://www.ytn.co.kr,worker
http://www.autoview.co.kr,worker
https://www.siliconvalley.com,worker
https://www.autodeal.com.ph,worker
http://www.autodiary.kr,worker
https://genesisowners.com,worker
http://www.mlive.com,worker
https://www.automoblog.net,worker
http://www.yarisworld.com,worker
https://paultan.org,worker
http://www.theepochtimes.com,worker
http://www.carsfresh.net,worker
https://www.autocar.co.uk,worker
https://www.scotsman.com,worker
https://www.brandonsun.com,worker
https://www.autotrader.co.uk,worker
http://www.jettaforums.com,worker
https://philkotse.com,worker
http://www.bbc.com,worker
http://www.eurekar.co.uk,worker
http://www.express.co.uk,worker
http://www.theedgemarkets.com,worker
http://www.cartvnews.com,worker
http://www.jkn.co.kr,worker
http://www.carsession.com,worker
http://www.motortrader.com,worker
https://vtdigger.org,worker
http://www.volkswagenforum.co.uk,worker
http://www.courant.com,worker
https://discoweb.org,worker
https://www.myg37.com,worker
https://gaadiwaadi.com,worker
http://www.srtimes.kr,worker
http://www.carenthusiast.com,worker
https://www.motoya.co.kr,worker
http://www.automobilesun.com,worker
https://www.hyundai.news,worker
http://carlnc.com,worker
http://car.chosun.com,worker
http://www.vop.co.kr,worker
http://www.ridemag.co.kr,worker
http://www.ridemag.co.kr,worker
http://www.newswire.co.kr,worker
http://www.mdjonline.com,worker
http://www.kusi.com,worker
https://www.mg-rover.org,worker
https://www.heraldstandard.com,worker
https://www.cars.com,worker
https://www.thestar.co.uk,worker
https://www.theguardian.com,worker
https://www.usatoday.com,worker
https://www.pistonheads.com,worker
https://www.carsales.com.au,worker
https://forums.mg-rover.org,worker
http://www.zerotohundred.com,worker
http://www.zerotohundred.com,worker
http://www.theadvocate.com,worker
http://www.iheadlinenews.co.kr,worker
http://www.driven.co.nz,worker
http://www.driven.co.nz,worker
http://news.tf.co.kr,worker
http://driving.ca,worker
http://biz.newdaily.co.kr,worker
http://abc57.com,worker
http://247wallst.com,worker
https://electrek.co,worker
https://www.foxnews.com,worker
https://www.toyota.co.uk,worker
https://www.toyota.co.uk,worker
https://www.toyota.co.uk,worker
https://www.startribune.com,worker
http://www.startribune.com,worker
https://live-detroitbureau.pantheonsite.io,worker
http://www.autoworldnews.com,worker
http://www.iautocar.co.kr,worker
http://www.iautocar.co.kr,worker
http://www.gt86.org.uk,worker
http://www.bobaedream.co.kr,worker
http://www.businessinsider.com,worker
http://www.atweekly.com,worker
http://www.autoherald.co.kr,worker
http://www.wheels24.co.za,worker
http://www.wheels24.co.za,worker
https://www.autoblog.com,worker
http://www.thedrive.com,worker
http://www.devonlive.com,worker
http://www.hkbs.co.kr,worker
http://www.atooauto.co.kr,worker
http://www.ilyoseoul.co.kr,worker
http://speedlux.com,worker
http://www.hg-times.com,worker
http://www.ebay.com,worker
http://www.timescolonist.com,worker
http://www.surecritic.com,worker
http://www.ozhonda.com,worker
http://www.ozhonda.com,worker
http://billingsgazette.com,worker
https://www.golfmk7.com,worker
http://www.driveblog.co.uk,worker
http://www.cn.reuters.com,worker
http://www.carmagazine.co.uk,worker
https://www.carmagazine.co.uk,worker
https://www.carmagazine.co.uk,worker
http://firstrateautos.com,worker
https://www.thesun.co.uk,worker
https://www.businessvans.co.uk,worker
https://news.mt.co.kr,worker
http://www.ddanzi.com,worker
http://www.autoview.co.kr,worker
https://www.carsales.com.au,worker
http://www.autoexpress.co.uk,worker
http://www.viva100.com,worker
https://www.reviewjournal.com,worker
http://www.business-standard.com,worker
https://practicalmotoring.com.au,worker
https://practicalmotoring.com.au,worker
http://www.ibtimes.co.uk,worker
http://bestride.com,worker
http://www.whichmobilitycar.co.uk,worker
http://www.cnbc.com,worker
https://www.dubicars.com,worker
https://www.bimmerforums.com,worker
https://www.bimmerforums.com,worker
https://www.bimmerforums.com,worker
https://forums.edmunds.com,worker
https://forums.edmunds.com,worker
https://forums.edmunds.com,worker
https://dodgeforum.com,worker
https://dodgeforum.com,worker
https://dodgeforum.com,worker
https://dodgeforum.com,worker
https://mbworld.org,worker
http://dpac.samr.gov.cn,worker
http://www.leicestermercury.co.uk,worker
https://www.chryslerforum.com,worker
https://www.chryslerforum.com,worker
https://www.sunshinecoastdaily.com.au,worker
http://www.freep.com,worker
https://www.pocket-lint.com,worker
http://www.retfordtoday.co.uk,worker
http://www.carscoops.com,worker
https://www.imboldn.com,worker
https://www.boston.com,worker
https://philkotse.com,worker
http://www.news18.com,worker
http://www.autotrader.co.uk,worker
https://www.carcomplaints.com,worker
http://www.thehindu.com,worker
https://www.pistonheads.com,worker
https://www.pistonheads.com,worker
https://www.pistonheads.com,worker
https://www.just-auto.com,worker
http://news.inews24.com,worker
https://www.clickondetroit.com,worker
http://www.kyeongin.com,worker
http://www.moneycontrol.com,worker
http://www.aitimes.kr,worker
http://news.mk.co.kr,worker
http://news.mk.co.kr,worker
http://www.news1.kr,worker
https://auto.ndtv.com,worker
http://www.edp24.co.uk,worker
https://www.cars.com,worker
http://www.autotrader.co.uk,worker
https://www.carsales.com.au,worker
https://www.just-auto.com,worker
https://www.sunshinecoastdaily.com.au,worker
https://www.sunshinecoastdaily.com.au,worker
http://www.ppomppu.co.kr,worker
http://driving.ca,worker
http://www.tractionlife.com,worker
http://www.wheels24.co.za,worker
http://www.wheels24.co.za,worker
https://www.businesscarmanager.co.uk,worker
https://www.just-auto.com,worker
https://www.just-auto.com,worker
http://biz.heraldcorp.com,worker
http://www.zdnet.co.kr,worker
http://www.kbench.com,worker
http://www.c1oc.co.uk,worker
https://www.motor1.com,worker
http://www.nissanforums.com,worker
http://www.nissanforums.com,worker
http://www.nissanforums.com,worker
http://www.nissanforums.com,worker
http://www.nissanforums.com,worker
http://www.nissanforums.com,worker
http://www.nissanforums.com,worker
http://www.dpac.gov.cn,worker
http://news.joins.com,worker
http://news.joins.com,worker
https://www.conceptcarz.com,worker
http://www.hankookilbo.com,worker
https://www.carwale.com,worker
http://gulfnews.com,worker
http://www.ifpinfo.com,worker
https://pontiacforum.com,worker
http://www.c1oc.co.uk,worker
http://www.philly.com,worker
https://techcrunch.com,worker
https://www.honestjohn.co.uk,worker
http://www.newsm5club.kr,worker
http://price.pcauto.com.cn,worker
http://price.pcauto.com.cn,worker
http://price.pcauto.com.cn,worker
https://auto.ndtv.com,worker
https://auto.ndtv.com,worker
http://www.upownersclub.co.uk,worker
http://ds5owners.co.uk,worker
http://www.greened.kr,worker
https://www.wxyz.com,worker
http://starrfmonline.com,worker
https://www.carisyou.com,worker
http://www.ceoscoredaily.com,worker
http://www.post-gazette.com,worker
https://simplydarrling.com,worker
https://allafrica.com,normal
http://www.rpm9.com,normal
http://www.rpm9.com,normal
http://www.rpm9.com,normal
http://www.mynissanleaf.com,normal
http://www.mynissanleaf.com,normal
http://www.mynissanleaf.com,normal
http://www.independent.ie,normal
http://www.independent.ie,normal
http://www.independent.ie,normal
http://www.autogear.co.kr,normal
http://www.autogear.co.kr,normal
http://wardsauto.com,normal
http://wardsauto.com,normal
http://wardsauto.com,normal
http://supplierinsight.ihsmarkit.com,normal
http://supplierinsight.ihsmarkit.com,normal
http://vtec.net,normal
http://vtec.net,normal
http://vtec.net,normal
http://vtec.net,normal
http://news.kbs.co.kr,normal
http://news.kbs.co.kr,normal
http://autotimes.hankyung.com,normal
http://autotimes.hankyung.com,normal
http://global-autonews.com,normal
http://global-autonews.com,normal
https://www.ford-trucks.com,normal
https://www.ford-trucks.com,normal
https://www.ford-trucks.com,normal
https://www.i30ownersclub.com,normal
http://www.dailyconsumer.co.kr,normal
https://www.cnet.com,normal
https://www.cnet.com,normal
https://www.cnet.com,normal
http://electriccarsreport.com,normal
http://electriccarsreport.com,normal
http://electriccarsreport.com,normal
http://www.motline.com,normal
https://www.technobuffalo.com,normal
http://www.cvinfo.com,normal
http://www.cvinfo.com,normal
http://www.cvinfo.com,normal
https://www.carlist.my,normal
http://www.fullboost.com.au,normal
http://www.fullboost.com.au,normal
https://mercedesforum.com,normal
https://mercedesforum.com,normal
https://mercedesforum.com,normal
https://mercedesforum.com,normal
https://mercedesforum.com,normal
https://mercedesforum.com,normal
https://mercedesforum.com,normal
https://mercedesforum.com,normal
http://www.kentlive.news,normal
http://247wallst.com,normal
https://www.eurekar.co.uk,normal
http://www.eurekar.co.uk,normal
http://www.eurekar.co.uk,normal
http://www.eurekar.co.uk,normal
http://www.eurekar.co.uk,normal
http://www.eurekar.co.uk,normal
http://www.eurekar.co.uk,normal
http://www.eurekar.co.uk,normal
https://motor-vision.co.uk,normal
http://www.encarmagazine.com,normal
http://www.dailymail.co.uk,normal
http://www.dailyherald.com,normal
https://www.corvetteforum.com,normal
http://www.qiche365.org.cn,normal
http://www.ahnlab.com,normal
http://news.inews24.com,normal
http://www.moneycontrol.com,normal
http://www.cararticles.co.uk,normal
https://www.thoughtco.com,normal
https://www.thoughtco.com,normal
https://www.thoughtco.com,normal
https://www.tsikot.com,normal
https://www.tsikot.com,normal
https://www.tsikot.com,normal
https://www.tsikot.com,normal
https://www.tsikot.com,normal
https://www.tsikot.com,normal
http://www.thetruthaboutcars.com,normal
http://www.thetruthaboutcars.com,normal
http://www.thetruthaboutcars.com,normal
http://www.thetruthaboutcars.com,normal
http://www.thetruthaboutcars.com,normal
http://www.thetruthaboutcars.com,normal
http://www.parkers.co.uk,normal
http://www.parkers.co.uk,normal
http://www.parkers.co.uk,normal
http://www.parkers.co.uk,normal
http://www.mykiasoulev.com,normal
http://www.mykiasoulev.com,normal
http://www.mykiasoulev.com,normal
http://www.mykiasoulev.com,normal
http://www.motorian.kr,normal
http://www.motorian.kr,normal
http://www.motorian.kr,normal
http://www.motorian.kr,normal
http://www.motorian.kr,normal
http://www.aitimes.kr,normal
http://www.kyeongin.com,normal
http://news.mk.co.kr,normal
https://www.pocket-lint.com,normal
http://news.mk.co.kr,normal
http://www.wfmz.com,normal
https://www.boston.com,normal
http://www.motortrend.com,normal
http://www.kbench.com,normal
https://www.tsikot.com,normal
https://www.motortrend.com,normal
http://biz.khan.co.kr,normal
https://www.motortrend.com,normal
https://dosmagazine.com,normal
http://www.mydaily.co.kr,normal
http://www.autotrader.co.uk,normal
https://www.cardekho.com,normal
https://www.cardekho.com,normal
https://www.cardekho.com,normal
https://www.cardekho.com,normal
https://www.cardekho.com,normal
https://tractionlife.com,normal
https://www.cars.com,normal
https://tractionlife.com,normal
https://tractionlife.com,normal
http://thenewdaily.com.au,normal
http://www.news18.com,normal
https://auto.ndtv.com,normal
https://www.roadandtrack.com,normal
http://roadtest.co.kr,normal
http://roadtest.co.kr,normal
http://roadtest.co.kr,normal
http://roadtest.co.kr,normal
https://www.motor1.com,normal
https://www.motor1.com,normal
https://www.motor1.com,normal
https://www.motor1.com,normal
http://www.zerotohundred.com,normal
http://www.zerotohundred.com,normal
http://www.atooauto.co.kr,normal
http://www.atooauto.co.kr,normal
http://www.bsmotoring.com,normal
http://www.volvocars.com,normal
https://www.cars.com,normal
http://www.thedrive.com,normal
http://www.fnnews.com,normal
http://te31.com,normal
http://www.autoexpress.co.uk,normal
http://service.koreatimes.com,normal
http://www.segye.com,normal
http://www.enewstoday.co.kr,normal
http://www.iheadlinenews.co.kr,normal
http://cnycentral.com,normal
http://www.edp24.co.uk,normal
http://classifieds.weyburnreview.com,normal
https://automotivelogistics.media,normal
http://www.thefiscaltimes.com,normal
http://autouptodate.com,normal
http://princegeorgecitizen.com,normal
https://www.monroecourier.com,normal
https://www.vanguardngr.com,normal
http://bgr.com,normal
http://www.tuning09.co.kr,normal
https://www.just-auto.com,normal
http://www.automotorblog.com,normal
http://www.greenpostkorea.co.kr,normal
http://www.superchevy.com,normal
https://paultan.org,normal
https://tractionlife.com,redirect_link
http://brandchannel.com,redirect_link
http://www.surecritic.com,redirect_link
https://www.automotive-technology.com,redirect_link
https://www.bristolstreet.co.uk,redirect_link
http://www.superchevy.com,redirect_link
https://www.motoring.co.uk,redirect_link
https://www.motoring.co.uk,redirect_link
http://portugalresident.com,redirect_link
http://www.570news.com,redirect_link
http://www.ceoscoredaily.com,redirect_link
http://www.retfordtoday.co.uk,redirect_link
http://cnbnews.com,redirect_link
http://www.auto-today.co.kr,redirect_link
https://www.symantec.com,redirect_link
http://blog.hyundaiaz.com,redirect_link
http://www.baltimoresun.com,redirect_link
http://www.autonewschina.com,redirect_link
http://www.autonewschina.com,redirect_link
http://www.autonewschina.com,redirect_link
http://www.autonewschina.com,redirect_link
http://www.chicagotribune.com,redirect_link
http://www.thecorsa.co.uk,redirect_link
http://www.thecorsa.co.uk,redirect_link
http://fridaymagazine.ae,redirect_link
http://www.automotiveworld.com,redirect_link
http://www.etobang.com,redirect_link
http://www.volvocars.com,redirect_link
http://www.sfgate.com,redirect_link
https://www.impomag.com,redirect_link
