https://obank.kbstar.com/quics?page=C101502,200
https://www.shinhancard.com/pconts/html/card/credit/MOBFM286/MOBFM286R02.html,200
https://www.shinhancard.com/pconts/html/card/premium/MOBFM278R02.html,200
https://card.kbcard.com/CXPRICAC0059.cms,200
https://card.kbcard.com/CXPRICAC0061.cms,200
https://card.kbcard.com/CXPRICAC0060.cms,200
https://card.kbcard.com/CXPRICAC0051.cms,200
https://card.kbcard.com/CXPRICAC0057.cms,200
https://card.kbcard.com/CXPRICAC0052.cms,200
https://card.kbcard.com/CXPRICAC0058.cms,200
https://card.kbcard.com/CXPRICAC0049.cms,200
https://card.kbcard.com/CXPRICAC0051.cms,200
https://card.kbcard.com/CXPRICAC0057.cms,200
https://card.kbcard.com/CXPRICAC0047.cms,200
https://card.kbcard.com/CXPRICAC0049.cms,200
https://www.dgb.co.kr/fnp_ebz_23010_depo.act,200
https://bank.shinhan.com/index.jsp#020305010000,200
https://www.e-jejubank.com/HomeMaincard.do?pramDiv=1&menuCd=1986&scrType=List&currPage=1&selectRow=1&rowNum=0&goodsCodeNo=0&gLnbMenuCd=1986,200
https://smartmarket.nonghyup.com/content/html/sf/cn/sfgateway.html?refbnk=1&SERVICE_ID=SFSL0022R&NAVIGATE_TYPE=1&SF_NAAC_DS_DTLC=1,200
https://smartmarket.nonghyup.com/content/html/sf/cn/sfgateway.html?refbnk=1&SERVICE_ID=SFSL0042R&NAVIGATE_TYPE=1&SF_NAAC_DS_DTLC=1,200
https://www.welcomebank.co.kr/ib20/mnu/IBNFPMDSP008,200
https://www.kjbank.com/ib20/mnu/FPMLOAN020100?INBN_GDS_NO=LON20121121001,200
https://www.dgb.co.kr/fnp_ebz_26010_depo.act,200
https://www.dgb.co.kr/fnp_ebz_26010_depo.act,200
https://www.dgb.co.kr/fnp_ebz_26010_depo.act,200
https://www.dgb.co.kr/fnp_ebz_26010_depo.act,200
https://www.dgb.co.kr/fnp_ebz_26010_depo.act,200
https://www.dgb.co.kr/fnp_ebz_26010_depo.act,200
https://www.dgb.co.kr/fnp_ebz_26010_depo.act,200
https://www.dgb.co.kr/fnp_ebz_26010_depo.act,200
https://www.dgb.co.kr/fnp_ebz_26010_depo.act,200
https://www.dgb.co.kr/fnp_ebz_26010_depo.act,200
https://www.dgb.co.kr/fnp_ebz_26010_depo.act,200
https://www.dgb.co.kr/fnp_ebz_26010_depo.act,200
https://www.dgb.co.kr/fnp_ebz_26010_depo.act,200
https://www.dgb.co.kr/fnp_ebz_26010_depo.act,200
https://www.dgb.co.kr/fnp_ebz_26010_depo.act,200
https://www.dgb.co.kr/fnp_ebz_26010_depo.act,200
https://www.dgb.co.kr/fnp_ebz_26010_depo.act,200
https://www.dgb.co.kr/fnp_ebz_26010_depo.act,200
https://www.dgb.co.kr/fnp_ebz_26010_depo.act,200
https://www.dgb.co.kr/fnp_ebz_26010_depo.act,200
https://www.dgb.co.kr/fnp_ebz_26010_depo.act,200
https://www.dgb.co.kr/fnp_ebz_23010_depo.act,200
https://www.ibk.co.kr/common/navigation.ibk?linkUrl=/mall/loan/v1_loan_guide_01_01.jsp&pageId=FM02010600&APLY_EFNC_MENU_ID=E0002040000&SCRE_ID=ENTR701520_m&MENU_DIV=GNB,200
https://kiup.ibk.co.kr/uib/jsp/guest/ntr/ntr70/ntr7015/ENTR701515_m.jsp?APLY_EFNC_MENU_ID=E0002030000&SCRE_ID=ENTR701515_m&MENU_DIV=GNB,200
https://www.e-jejubank.com/HomeFMDeposit.do?menuCd=1004&gLnbMenuCd=1004,200
https://www.e-jejubank.com/JeJuBankInfo.do?menuCd=446&gLnbMenuCd=446,200
https://m.wooricard.com/dcmw/yh1/crd/crd02/M1CRD202S00.do?ctgrCd=S110004&hiPrdCtgrCd=M120006,200
https://www.shinhancard.com/pconts/html/finance/cashService/MOBFM086C01.html,200
https://www.dgb.co.kr/fnp_ebz_26010_depo.act,200
https://www.shinhancard.com/pconts/html/finance/main/main.html,200
https://www.e-jejubank.com/JeJuBankInfo.do?menuCd=1862&gLnbMenuCd=1862,200
https://card.kbcard.com/CXPRICAC0058.cms,200
https://card.kbcard.com/CXPRICAC0061.cms,200
https://card.kbcard.com/CXPRICAC0052.cms,200
https://www.hanaw.com/main/finance/bond/FP_080501_P1.cmd,200
https://www.hanasavings.com/YPR/YPR0400,200
https://www.oksavingsbank.com/#/gdsLonHsList?menuCd=00174,200
https://m.wooricard.com/dcmw/yh1/crd/crd02/M1CRD202S00.do?ctgrCd=S110005&hiPrdCtgrCd=M120006,200
https://biz.kbcard.com/CXERCCACD0007.cms,200
https://card.kbcard.com/CXPRICAC0058.cms,200
https://card.kbcard.com/CXPRICAC0060.cms,200
https://card.kbcard.com/CXPRICAC0056.cms,200
https://card.kbcard.com/CXPRICAC0058.cms,200
https://www.dgb.co.kr/fnp_ebz_26010_depo.act,200
https://www.dgb.co.kr/fnp_ebz_26010_depo.act,200
https://www.dgb.co.kr/fnp_ebz_26010_depo.act,200
https://www.dgb.co.kr/fnp_ebz_26010_depo.act,200
https://www.dgb.co.kr/fnp_ebz_26010_depo.act,200
https://www.dgb.co.kr/fnp_ebz_26010_depo.act,200
https://www.dgb.co.kr/fnp_ebz_26010_depo.act,200
https://www.dgb.co.kr/fnp_ebz_26010_depo.act,200
https://www.dgb.co.kr/fnp_ebz_26010_depo.act,200
https://www.dgb.co.kr/fnp_ebz_26010_depo.act,200
https://www.dgb.co.kr/fnp_ebz_26010_depo.act,200
https://spot.wooribank.com/pot/Dream?withyou=PODEP0025,200
https://www.shinhancard.com/pconts/html/card/credit/MOBFM286/MOBFM286R02.html,200
https://www.shinhancard.com/pconts/html/card/check/MOBFM282R02.html,200
https://obank.kbstar.com/quics?page=C016613&%EC%98%88%EA%B8%88%EC%A2%85%EB%A5%98=00027,200
https://www.welcomebank.co.kr/ib20/mnu/IBNFPMDSP003,200
https://m.wooricard.com/dcmw/yh1/crd/crd02/M1CRD202S00.do?ctgrCd=S110002&hiPrdCtgrCd=M120006,200
https://m.wooricard.com/dcmw/yh1/crd/crd02/M1CRD202S00.do?ctgrCd=S110008&hiPrdCtgrCd=M120007,200
https://www.shinhancard.com/pconts/html/card/check/MOBFM282R02.html,200
https://obiz.kbstar.com/quics?page=C016144&%EC%98%88%EA%B8%88%EC%A2%85%EB%A5%98=00034,200
https://ibz.nonghyup.com/,200
https://ibz.nonghyup.com/,200
https://ibz.nonghyup.com/,200
https://www.dgb.co.kr/fnp_ebz_26010_depo.act,200
https://www.dgb.co.kr/fnp_ebz_26010_depo.act,200
https://www.dgb.co.kr/fnp_ebz_26010_depo.act,200
https://www.dgb.co.kr/fnp_ebz_26010_depo.act,200
https://www.dgb.co.kr/fnp_ebz_26010_depo.act,200
https://www.dgb.co.kr/fnp_ebz_26010_depo.act,200
https://www.dgb.co.kr/fnp_ebz_26010_depo.act,200
https://www.e-jejubank.com/HomeFMGoldbar.do?menuCd=1761&gLnbMenuCd=1761,200
https://www.shinhancard.com/pconts/html/card/check/MOBFM282R08.html,200
https://www.shinhancard.com/pconts/html/card/credit/MOBFM281/MOBFM281R10.html,200
https://www.shinhancard.com/pconts/html/card/credit/MOBFM281/MOBFM281R07.html,200
https://smartmarket.nonghyup.com/content/html/sf/cn/sfgateway.html?refbnk=1&SERVICE_ID=SFSL0024R&NAVIGATE_TYPE=1&SF_NAAC_DS_DTLC=1,200
https://ibz.nonghyup.com/,200
https://ibz.nonghyup.com/,200
https://open.standardchartered.co.kr/bc/CardInfoList?menuid=OBC01011000000000,200
https://smartmarket.nonghyup.com/content/html/sf/cn/sfgateway.html?refbnk=1&SERVICE_ID=SFSE0077R&NAVIGATE_TYPE=1&SF_NAAC_DS_DTLC=1,200
https://www.kjbank.com/ib20/mnu/FPMLOAN020100?INBN_GDS_NO=LON20101028013,200
https://www.dgb.co.kr/fnc_ebz_11010_card.act,200
https://www.dgb.co.kr/fni_ebz_71210_insu.act,200
https://www.dgb.co.kr/fnp_ebz_26010_depo.act,200
https://www.dgb.co.kr/fnp_ebz_26010_depo.act,200
https://www.dgb.co.kr/fnp_ebz_26010_depo.act,200
https://www.dgb.co.kr/fnp_ebz_26010_depo.act,200
https://www.dgb.co.kr/fnp_ebz_26010_depo.act,200
https://www.dgb.co.kr/fnp_ebz_26010_depo.act,200
https://www.dgb.co.kr/fnp_ebz_26010_depo.act,200
https://www.dgb.co.kr/fnp_ebz_26010_depo.act,200
https://www.dgb.co.kr/fnp_ebz_26010_depo.act,200
https://www.dgb.co.kr/fnp_ebz_26010_depo.act,200
https://www.dgb.co.kr/fnp_ebz_26010_depo.act,200
https://www.dgb.co.kr/fnp_ebz_26010_depo.act,200
https://www.dgb.co.kr/fnp_ebz_26010_depo.act,200
https://www.dgb.co.kr/fnp_ebz_26010_depo.act,200
https://www.dgb.co.kr/fnp_ebz_26010_depo.act,200
https://www.dgb.co.kr/fnp_ebz_22010_depo.act,200
https://bank.shinhan.com/index.jsp#020105040000,200
https://www.shinhancard.com/pconts/html/card/credit/MOBFM286/MOBFM286R05.html,200
https://www.shinhancard.com/pconts/html/card/check/MOBFM282R09.html,200
https://www.hanasavings.com/LPR/LPR0801?pageId=LPR0003,200
https://m.wooricard.com/dcmw/yh1/crd/crd02/M1CRD202S00.do?ctgrCd=M120012&hiPrdCtgrCd=M120012,200
https://corp.lottecard.co.kr/app/LCPRDDA_V200.lc,200
https://m.wooricard.com/dcmw/yh1/crd/crd02/M1CRD202S00.do?ctgrCd=S110004&hiPrdCtgrCd=M120006,200
https://www.shinhancard.com/pconts/html/card/credit/MOBFM281/MOBFM281R06.html,200
https://www.knbank.co.kr/ib20/mnu/FPMLON050106000,200
https://www.dgb.co.kr/fnp_ebz_26010_depo.act,200
https://www.dgb.co.kr/fnp_ebz_26010_depo.act,200
https://www.dgb.co.kr/fnp_ebz_26010_depo.act,200
https://www.dgb.co.kr/fnp_ebz_26010_depo.act,200
https://www.dgb.co.kr/fnp_ebz_26010_depo.act,200
https://www.dgb.co.kr/fnp_ebz_26010_depo.act,200
https://www.dgb.co.kr/fnp_ebz_26010_depo.act,200
https://www.dgb.co.kr/fnp_ebz_26010_depo.act,200
https://www.dgb.co.kr/fnp_ebz_26010_depo.act,200
https://www.dgb.co.kr/fnp_ebz_26010_depo.act,200
https://www.dgb.co.kr/fnp_ebz_26010_depo.act,200
https://www.dgb.co.kr/fnp_ebz_26010_depo.act,200
https://www.dgb.co.kr/fnp_ebz_26010_depo.act,200
https://www.dgb.co.kr/fnp_ebz_26010_depo.act,200
https://www.dgb.co.kr/fnp_ebz_26010_depo.act,200
https://www.dgb.co.kr/fnp_ebz_26010_depo.act,200
https://www.suhyup-bank.com/ib20/mnu/FPD00041,200
https://m.wooricard.com/dcmw/yh2/bcd/bcd01/cdadv/M2BCD201S02.do,200
https://www.e-jejubank.com/HomeFMDeposit.do?menuCd=1709&gLnbMenuCd=1709,200
https://www.pepperbank.kr/loan/product.do?sub_category=15,200
https://m.wooricard.com/dcmw/yh1/crd/crd02/M1CRD202S00.do?ctgrCd=S110011&hiPrdCtgrCd=M120007,200
https://m.wooricard.com/dcmw/yh1/crd/crd02/M1CRD202S00.do?ctgrCd=M120004&hiPrdCtgrCd=M120004,200
https://bank.shinhan.com/index.jsp#020304010000,200
https://bank.shinhan.com/index.jsp#020304010000,200
https://bank.shinhan.com/index.jsp#020304010000,200
https://www.kbsavings.com/websquare/websquare.jsp?w2xPath=/jsp/main.xml,200
https://www.hanasavings.com/YPR/YPR0101,200
https://smartmarket.nonghyup.com/content/html/sf/cn/sfgateway.html?refbnk=1&SERVICE_ID=SFSE0077R&NAVIGATE_TYPE=1&SF_NAAC_DS_DTLC=1,200
https://www.dgb.co.kr/fnp_ebz_26010_depo.act,200
https://www.dgb.co.kr/fnp_ebz_26010_depo.act,200
https://www.dgb.co.kr/fnp_ebz_26010_depo.act,200
https://www.dgb.co.kr/fnp_ebz_26010_depo.act,200
https://www.dgb.co.kr/fnp_ebz_26010_depo.act,200
https://www.dgb.co.kr/fnp_ebz_26010_depo.act,200
https://www.dgb.co.kr/fnp_ebz_26010_depo.act,200
https://www.dgb.co.kr/fnp_ebz_26010_depo.act,200
https://www.dgb.co.kr/fnp_ebz_26010_depo.act,200
https://www.dgb.co.kr/fnp_ebz_26010_depo.act,200
https://www.dgb.co.kr/fnp_ebz_26010_depo.act,200
https://www.dgb.co.kr/fnp_ebz_26010_depo.act,200
https://www.dgb.co.kr/fnp_ebz_26010_depo.act,200
https://www.dgb.co.kr/fnp_ebz_26010_depo.act,200
https://www.dgb.co.kr/fnp_ebz_26010_depo.act,200
https://www.dgb.co.kr/fnp_ebz_26010_depo.act,200
https://www.e-jejubank.com/JeJuBankInfo.do?menuCd=1783&gLnbMenuCd=1783,200
https://www.shinhancard.com/pconts/html/card/premium/MOBFM278R03.html,200
https://www.e-jejubank.com/HomeMaincard.do?pramDiv=1&menuCd=1986&scrType=List&currPage=1&selectRow=1&rowNum=0&goodsCodeNo=0&gLnbMenuCd=1986,200
https://www.hanasavings.com/YPR/YPR0300,200
https://m.wooricard.com/dcmw/yh2/bcd/bcd01/cdadv/M2BCD201S03.do,200
https://m.wooricard.com/dcmw/yh1/crd/crd02/M1CRD202S00.do?ctgrCd=S110001&hiPrdCtgrCd=M120006,200
https://open.standardchartered.co.kr/bc/bc_common?menuid=OBC01010800000000,200
https://www.shinhancard.com/pconts/html/card/credit/MOBFM281/MOBFM281R01.html,200
https://www.shinhancard.com/pconts/html/card/premium/MOBFM278R01.html,200
https://bank.shinhan.com/index.jsp#020304010000,200
https://www.e-jejubank.com/HomeCheckCard.do?pramDiv=2&menuCd=1990&scrType=List&currPage=1&selectRow=1&rowNum=0&goodsCodeNo=0&gLnbMenuCd=1990,200
https://www.dgb.co.kr/fnc_ebz_11010_card.act,200
https://www.standardchartered.co.kr/np/kr/bs/ye/YieldEnhancementList.jsp?ptfrm=HIN.KOR.INTRO.mega.korBusA1_4,200
https://www.suhyup-bank.com/ib20/mnu/FPD00020,200
https://www.dgb.co.kr/fnc_ebz_12010_card.act,200
https://www.dgb.co.kr/fni_ebz_71510_insu.act,200
https://www.dgb.co.kr/fnp_ebz_26010_depo.act,200
https://www.dgb.co.kr/fnp_ebz_26010_depo.act,200
https://www.dgb.co.kr/fnp_ebz_26010_depo.act,200
https://www.dgb.co.kr/fnp_ebz_26010_depo.act,200
https://www.dgb.co.kr/fnp_ebz_26010_depo.act,200
https://www.dgb.co.kr/fnp_ebz_26010_depo.act,200
https://www.dgb.co.kr/fnp_ebz_26010_depo.act,200
https://www.dgb.co.kr/fnp_ebz_26010_depo.act,200
https://www.dgb.co.kr/fnp_ebz_26010_depo.act,200
https://www.dgb.co.kr/fnp_ebz_26010_depo.act,200
https://www.dgb.co.kr/fnp_ebz_26010_depo.act,200
https://www.dgb.co.kr/fnp_ebz_26010_depo.act,200
https://www.dgb.co.kr/fnp_ebz_26010_depo.act,200
https://www.dgb.co.kr/fnp_ebz_26010_depo.act,200
https://www.dgb.co.kr/fnp_ebz_26010_depo.act,200
https://www.dgb.co.kr/fnp_ebz_26010_depo.act,200
https://www.shinhancard.com/pconts/html/card/prepayCard/MOBFM230/R01/MOBFM230R01.html,200
https://www.shinhancard.com/pconts/html/card/check/MOBFM282R09.html,200
https://www.shinhancard.com/pconts/html/card/check/MOBFM282R01.html,200
https://www.shinhancard.com/pconts/html/card/credit/MOBFM281/MOBFM281R02.html,200
https://bank.shinhan.com/index.jsp#020304050000,200
https://ibz.nonghyup.com/,200
https://www.dgb.co.kr/fni_ebz_71410_insu.act,200
https://www.dgb.co.kr/fnp_ebz_26010_depo.act,200
https://www.dgb.co.kr/fnp_ebz_26010_depo.act,200
https://www.dgb.co.kr/fnp_ebz_26010_depo.act,200
https://www.dgb.co.kr/fnp_ebz_26010_depo.act,200
https://www.dgb.co.kr/fnp_ebz_26010_depo.act,200
https://www.dgb.co.kr/fnp_ebz_26010_depo.act,200
https://www.dgb.co.kr/fnp_ebz_26010_depo.act,200
https://www.dgb.co.kr/fnp_ebz_26010_depo.act,200
https://www.dgb.co.kr/fnp_ebz_26010_depo.act,200
https://www.dgb.co.kr/fnp_ebz_26010_depo.act,200
https://www.dgb.co.kr/fnp_ebz_26010_depo.act,200
https://www.dgb.co.kr/fnp_ebz_26010_depo.act,200
https://www.dgb.co.kr/fnp_ebz_26010_depo.act,200
https://www.dgb.co.kr/fnp_ebz_26010_depo.act,200
https://www.dgb.co.kr/fnp_ebz_26010_depo.act,200
https://www.dgb.co.kr/fnp_ebz_22010_depo.act,200
https://www.shinhancard.com/pconts/html/card/credit/MOBFM286/MOBFM286R04.html,200
https://www.daishin.com/g.ds?m=1001&p=909&v=592,200
https://m.wooricard.com/dcmw/yh1/crd/crd02/M1CRD202S00.do?ctgrCd=S110010&hiPrdCtgrCd=M120007,200
https://www.shinhancard.com/pconts/html/card/check/MOBFM282R03.html,200
https://www.dgb.co.kr/fnp_ebz_26010_depo.act,200
https://www.dgb.co.kr/fnp_ebz_26010_depo.act,200
https://www.dgb.co.kr/fnp_ebz_26010_depo.act,200
https://m.wooricard.com/dcmw/yh1/crd/crd02/M1CRD202S00.do?ctgrCd=S110013&hiPrdCtgrCd=M120008,200
https://www.shinhancard.com/pconts/html/card/credit/MOBFM281/MOBFM281R05.html,200
https://www.e-jejubank.com/JeJuBankInfo.do?menuCd=434&gLnbMenuCd=434,200
https://ibz.nonghyup.com/,200
https://ibz.nonghyup.com/,200
https://open.standardchartered.co.kr/bc/bc_common?menuid=OBC01010800000000,200
https://www.dgb.co.kr/fnp_ebz_26010_depo.act,200
https://www.dgb.co.kr/fnp_ebz_26010_depo.act,200
https://www.dgb.co.kr/fnp_ebz_26010_depo.act,200
https://www.dgb.co.kr/fnp_ebz_26010_depo.act,200
https://www.dgb.co.kr/fnp_ebz_26010_depo.act,200
https://www.dgb.co.kr/fnp_ebz_26010_depo.act,200
https://www.dgb.co.kr/fnp_ebz_26010_depo.act,200
https://www.dgb.co.kr/fnp_ebz_26010_depo.act,200
https://www.suhyup-bank.com/ib20/mnu/FPD00041,200
https://www.e-jejubank.com/HomeFMDeposit.do?menuCd=348&gLnbMenuCd=348,200
https://m.wooricard.com/dcmw/yh2/bcd/bcd01/cdadv/M2BCD201S03.do,200
https://www.shinhancard.com/pconts/html/card/credit/MOBFM281/MOBFM281R05.html,200
https://www.e-jejubank.com/HomeFMExchange.do?menuCd=1510&gLnbMenuCd=1510,200
https://m.wooricard.com/dcmw/yh2/bcd/bcd01/cdadv/M2BCD201S05.do,200
https://m.wooricard.com/dcmw/yh2/bcd/bcd01/cdadv/M2BCD201S04.do,200
https://www.shinhancard.com/pconts/html/card/check/MOBFM282R12.html,200
https://www.hanasavings.com/YPR/YPR0400,200
https://www.hanasavings.com/YPR/YPR0101,200
https://www.oksavingsbank.com/#/gdsDepsFrdmList?menuCd=00367,200
https://ibz.nonghyup.com/,200
https://banking.kdb.co.kr/bp/BMDESP05N00.act?_WSLOG_MNU_ID=IBFMFM0020,200
https://www.kebhana.com/cont/mall/mall09/mall0903/mall090304/index.jsp,200
https://www.kebhana.com/cont/mall/mall09/mall0903/mall090303/index.jsp,200
https://www.dgb.co.kr/fnc_ebz_23010_card.act,200
https://www.dgb.co.kr/fni_ebz_71510_insu.act,200
https://www.dgb.co.kr/fnp_ebz_26010_depo.act,200
https://www.dgb.co.kr/fnp_ebz_26010_depo.act,200
https://www.dgb.co.kr/fnp_ebz_26010_depo.act,200
https://www.dgb.co.kr/fnp_ebz_26010_depo.act,200
https://www.dgb.co.kr/fnp_ebz_26010_depo.act,200
https://www.dgb.co.kr/fnp_ebz_26010_depo.act,200
https://www.dgb.co.kr/fnp_ebz_26010_depo.act,200
https://www.dgb.co.kr/fnp_ebz_26010_depo.act,200
https://www.dgb.co.kr/fnp_ebz_25010_depo.act,200
https://bank.shinhan.com/index.jsp#020303010000,200
https://www.shinhancard.com/pconts/html/main.html,200
https://www.shinhancard.com/pconts/html/card/check/MOBFM282R12.html,200
https://www.shinhancard.com/pconts/html/card/check/MOBFM282R06.html,200
https://m.wooricard.com/dcmw/yh1/crd/crd02/M1CRD202S00.do?ctgrCd=S110009&hiPrdCtgrCd=M120007,200
https://m.wooricard.com/dcmw/yh2/bcd/bcd01/cdadv/M2BCD201S05.do,200
https://m.wooricard.com/dcmw/yh2/bcd/bcd01/cdadv/M2BCD201S03.do,200
https://www.hanacard.co.kr/OPI31000000D.web?schID=pcd&mID=OPI31000005P&CT_ID=241704050328506,200
https://www.dgb.co.kr/fnp_ebz_26010_depo.act,200
https://www.dgb.co.kr/fnp_ebz_26010_depo.act,200
https://www.dgb.co.kr/fnp_ebz_26010_depo.act,200
https://www.e-jejubank.com/JeJuBankInfo.do?menuCd=434&gLnbMenuCd=434,200
https://www.e-jejubank.com/JeJuBankInfo.do?menuCd=432&gLnbMenuCd=432,200
https://m.wooricard.com/dcmw/yh1/crd/crd02/M1CRD202S00.do?ctgrCd=M120001&hiPrdCtgrCd=M120001,200
https://www.shinhancard.com/pconts/html/card/check/MOBFM282R09.html,200
https://www.shinhancard.com/pconts/html/card/prepayCard/MOBFM230/R02/MOBFM230R02.html,200
https://bank.shinhan.com/index.jsp#020305010000,200
https://bank.shinhan.com/index.jsp#020304010000,200
https://www.hanasavings.com/LPR/LPR1901?pageId=LPR0001,200
https://www.dgb.co.kr/fnp_ebz_26010_depo.act,200
https://www.dgb.co.kr/fnp_ebz_26010_depo.act,200
https://www.dgb.co.kr/fnp_ebz_26010_depo.act,200
https://www.dgb.co.kr/fnp_ebz_26010_depo.act,200
https://www.dgb.co.kr/fnp_ebz_26010_depo.act,200
https://www.dgb.co.kr/fnp_ebz_26010_depo.act,200
https://www.dgb.co.kr/fnp_ebz_26010_depo.act,200
https://www.dgb.co.kr/fnp_ebz_26010_depo.act,200
https://www.dgb.co.kr/fnp_ebz_26010_depo.act,200
https://www.dgb.co.kr/fnp_ebz_26010_depo.act,200
https://www.dgb.co.kr/fnp_ebz_26010_depo.act,200
https://www.dgb.co.kr/fnp_ebz_26010_depo.act,200
https://www.dgb.co.kr/fnp_ebz_26010_depo.act,200
https://www.dgb.co.kr/fnp_ebz_26010_depo.act,200
https://www.dgb.co.kr/fnp_ebz_26010_depo.act,200
https://www.dgb.co.kr/fnp_ebz_26010_depo.act,200
https://www.dgb.co.kr/fnp_ebz_26010_depo.act,200
https://www.dgb.co.kr/fnp_ebz_22010_depo.act,200
https://www.e-jejubank.com/HomeFMGoldbar.do?menuCd=1761&gLnbMenuCd=1761,200
https://svc.wooribank.com/svc/Dream?withyou=RPRPS0138,200
https://m.wooricard.com/dcmw/yh1/crd/crd02/M1CRD202S00.do?ctgrCd=M120012&hiPrdCtgrCd=M120012,200
https://m.wooricard.com/dcmw/yh1/crd/crd02/M1CRD202S00.do?ctgrCd=M120003&hiPrdCtgrCd=M120003,200
https://m.wooricard.com/dcmw/yh1/crd/crd02/M1CRD202S00.do?ctgrCd=S110010&hiPrdCtgrCd=M120007,200
https://m.wooricard.com/dcmw/yh1/crd/crd02/M1CRD202S00.do?ctgrCd=M120001&hiPrdCtgrCd=M120001,200
https://www.shinhancard.com/pconts/html/card/credit/MOBFM286/MOBFM286R07.html,200
https://www.shinhancard.com/pconts/html/card/credit/MOBFM286/MOBFM286R08.html,200
https://www.shinhancard.com/pconts/html/card/credit/MOBFM286/MOBFM286R02.html,200
https://www.shinhancard.com/pconts/html/card/premium/MOBFM278R03.html,200
https://www.oksavingsbank.com/#/gdsLonCrdaDtl?menuCd=00170&lonGdsSqno=120&pageNo=2&rfndMetdCd=00000&rqusObjcCd=00000&charTagCd=00000&arayGdsNm=1&arayInrt=0,200
https://www.hanasavings.com/YPR/YPR0101,200
https://m.wooricard.com/dcmw/yh1/crd/crd02/M1CRD202S00.do?ctgrCd=S110012&hiPrdCtgrCd=M120007,200
https://www.kbsavings.com/websquare/websquare.jsp?w2xPath=/jsp/main.xml,200
https://ibz.nonghyup.com/,200
https://ibz.nonghyup.com/,200
https://ibz.nonghyup.com/,200
https://ibz.nonghyup.com/,200
https://ibz.nonghyup.com/,200
https://bank.shinhan.com/index.jsp#020304090000,200
https://www.dgb.co.kr/fnp_ebz_26010_depo.act,200
https://www.dgb.co.kr/fnp_ebz_26010_depo.act,200
https://www.dgb.co.kr/fnp_ebz_26010_depo.act,200
https://www.dgb.co.kr/fnp_ebz_26010_depo.act,200
https://www.shinhancard.com/pconts/html/card/credit/MOBFM281/MOBFM281R05.html,200
https://www.e-jejubank.com/JeJuBankInfo.do?menuCd=455&gLnbMenuCd=455,200
https://www.acuonsb.co.kr/sv_dpt0030170.act,200
https://www.acuonsb.co.kr/sv_dpt0010180.act,200
https://www.shinhancard.com/pconts/html/card/credit/MOBFM286/MOBFM286R08.html,200
https://www.shinhancard.com/pconts/html/card/credit/MOBFM286/MOBFM286R03.html,200
https://www.shinhancard.com/pconts/html/card/check/MOBFM282R07.html,200
https://www.shinhancard.com/pconts/html/card/check/MOBFM282R01.html,200
https://www.bccard.com/app/card/ContentsLinkActn.do?pgm_id=ind1037,200
https://biz.kebhana.com/product/index.do?menuItemId=soc_212,200
https://ibz.nonghyup.com/,200
https://ibz.nonghyup.com/,200
https://ibz.nonghyup.com/,200
https://ibz.nonghyup.com/,200
https://ibz.nonghyup.com/,200
https://ibz.nonghyup.com/,200
https://ibz.nonghyup.com/,200
https://www.dgb.co.kr/fnp_ebz_26010_depo.act,200
https://www.dgb.co.kr/fnp_ebz_26010_depo.act,200
https://www.dgb.co.kr/fnp_ebz_26010_depo.act,200
https://www.dgb.co.kr/fnp_ebz_26010_depo.act,200
https://www.dgb.co.kr/fnp_ebz_26010_depo.act,200
https://www.dgb.co.kr/fnp_ebz_26010_depo.act,200
https://www.dgb.co.kr/fnp_ebz_26010_depo.act,200
https://www.dgb.co.kr/fnp_ebz_26010_depo.act,200
https://www.dgb.co.kr/fnp_ebz_26010_depo.act,200
https://www.dgb.co.kr/fnp_ebz_26010_depo.act,200
https://www.dgb.co.kr/fnp_ebz_26010_depo.act,200
https://www.dgb.co.kr/fnp_ebz_26010_depo.act,200
https://www.dgb.co.kr/fnp_ebz_26010_depo.act,200
https://www.dgb.co.kr/fnp_ebz_26010_depo.act,200
https://www.dgb.co.kr/fnp_ebz_26010_depo.act,200
https://www.dgb.co.kr/fnp_ebz_26010_depo.act,200
https://www.dgb.co.kr/fnp_ebz_26010_depo.act,200
https://www.e-jejubank.com/HomeFMLoan.do?menuCd=1248&gLnbMenuCd=1248,200
https://www.e-jejubank.com/JeJuBankInfo.do?menuCd=430&gLnbMenuCd=430,200
https://www.shinhancard.com/pconts/html/card/check/MOBFM282R07.html,200
https://www.busanbank.co.kr/ib20/mnu/FPMLON092010001,200
https://www.shinhancard.com/pconts/html/card/credit/MOBFM286/MOBFM286R07.html,200
https://www.shinhancard.com/pconts/html/card/credit/MOBFM286/MOBFM286R05.html,200
https://bank.shinhan.com/index.jsp#020304010000,200
https://www.oksavingsbank.com/#/gdsLonCrdaDtl?menuCd=00170&lonGdsSqno=118&pageNo=2&rfndMetdCd=00000&rqusObjcCd=00000&charTagCd=00000&arayGdsNm=1&arayInrt=0,200
https://www.hanasavings.com/LPR/LPR0801?pageId=LPR0002,200
https://www.acuonsb.co.kr/sv_lnt0010100.act,200
https://www.acuonsb.co.kr/sv_pdt0020112.act,200
https://www.e-jejubank.com/HomeCheckCard.do?pramDiv=1&menuCd=1989&scrType=List&currPage=1&selectRow=1&rowNum=0&goodsCodeNo=0&gLnbMenuCd=1989,200
https://www.dgb.co.kr/fnc_ebz_23010_card.act,200
https://open.standardchartered.co.kr/bc/CardInfoListNonProd?menuid=OBC01050000000000,200
https://www.dgb.co.kr/fnp_ebz_26010_depo.act,200
https://www.dgb.co.kr/fnp_ebz_26010_depo.act,200
https://www.dgb.co.kr/fnp_ebz_26010_depo.act,200
https://www.dgb.co.kr/fnp_ebz_26010_depo.act,200
https://www.dgb.co.kr/fnp_ebz_26010_depo.act,200
https://www.dgb.co.kr/fnp_ebz_26010_depo.act,200
https://www.dgb.co.kr/fnp_ebz_26010_depo.act,200
https://www.dgb.co.kr/fnp_ebz_26010_depo.act,200
https://www.dgb.co.kr/fnp_ebz_26010_depo.act,200
https://www.dgb.co.kr/fnp_ebz_26010_depo.act,200
https://www.dgb.co.kr/fnp_ebz_26010_depo.act,200
https://www.dgb.co.kr/fnp_ebz_26010_depo.act,200
https://www.dgb.co.kr/fnp_ebz_26010_depo.act,200
https://www.dgb.co.kr/fnp_ebz_26010_depo.act,200
https://www.dgb.co.kr/fnp_ebz_26010_depo.act,200
https://www.dgb.co.kr/fnp_ebz_26010_depo.act,200
https://www.dgb.co.kr/fnp_ebz_26010_depo.act,200
https://www.dgb.co.kr/fnp_ebz_26010_depo.act,200
https://www.dgb.co.kr/fnp_ebz_26010_depo.act,200
https://www.dgb.co.kr/fnp_ebz_26010_depo.act,200
https://www.dgb.co.kr/fnp_ebz_26010_depo.act,200
https://www.dgb.co.kr/fnp_ebz_26010_depo.act,200
https://www.dgb.co.kr/fnp_ebz_26010_depo.act,200
https://www.dgb.co.kr/fnp_ebz_26010_depo.act,200
https://www.dgb.co.kr/fnp_ebz_26010_depo.act,200
https://www.dgb.co.kr/fnp_ebz_26010_depo.act,200
https://www.dgb.co.kr/fnp_ebz_26010_depo.act,200
https://www.dgb.co.kr/fnp_ebz_26010_depo.act,200
https://www.standardchartered.co.kr/np/kr/pl/se/SavingList.jsp?ptfrm=HIN.KOR.INTRO.mega.korPerA1_1&id=list1,200
https://www.shinhancard.com/pconts/html/card/credit/MOBFM281/MOBFM281R09.html,200
https://www.shinhancard.com/pconts/html/finance/main/main.html,200
https://www.shinhancard.com/pconts/html/card/credit/MOBFM281/MOBFM281R09.html,200
https://www.e-jejubank.com/JeJuBankInfo.do?menuCd=432&gLnbMenuCd=432,200
https://www.e-jejubank.com/HomeFMDeposit.do?menuCd=351&gLnbMenuCd=351,200
https://www.e-jejubank.com/HomeFMLoan.do?menuCd=1248&gLnbMenuCd=1248,200
https://www.hanasavings.com/LPR/LPR1901?pageId=LPR0001,200
https://www.acuonsb.co.kr/sv_dpt0020210.act,200
https://www.shinhancard.com/pconts/html/card/check/MOBFM282R06.html,200
https://www.e-jejubank.com/JeJuBankInfo.do?menuCd=434&gLnbMenuCd=434,200
https://ibz.nonghyup.com/,200
https://www.dgb.co.kr/fnp_ebz_26010_depo.act,200
https://banking.kdb.co.kr/bp/BMCAWP01N00.act?_WSLOG_MNU_ID=IBFMFM0033&_WSLOG_EDD_SRE_YN=Y#__init__,200
https://www.suhyup-bank.com/ib20/mnu/FPD00053,200
https://www.shinhancard.com/pconts/html/card/check/MOBFM282R06.html,200
https://www.shinhancard.com/pconts/html/card/check/MOBFM282R08.html,200
https://www.shinhancard.com/pconts/html/card/credit/MOBFM281/MOBFM281R04.html,200
https://ibz.nonghyup.com/,200
https://banking.kdb.co.kr/bp/BMDERD03N00.act?_WSLOG_MNU_ID=IBFMFM0017,200
https://www.suhyup-bank.com/ib20/mnu/FPD00098,200
https://www.dgb.co.kr/fni_ebz_71810_insu.act,200
https://www.dgb.co.kr/fnp_ebz_26010_depo.act,200
https://www.dgb.co.kr/fnp_ebz_26010_depo.act,200
https://www.dgb.co.kr/fnp_ebz_26010_depo.act,200
https://www.dgb.co.kr/fnp_ebz_26010_depo.act,200
https://www.dgb.co.kr/fnp_ebz_26010_depo.act,200
https://www.dgb.co.kr/fnp_ebz_26010_depo.act,200
https://www.dgb.co.kr/fnp_ebz_26010_depo.act,200
https://www.dgb.co.kr/fnp_ebz_26010_depo.act,200
https://www.e-jejubank.com/HomeFMDeposit.do?menuCd=349&gLnbMenuCd=349,200
https://www.shinhancard.com/pconts/html/finance/main/main.html,200
https://www.shinhancard.com/pconts/html/card/premium/MOBFM278R04.html,200
https://ibz.nonghyup.com/,200
https://www.dgb.co.kr/fnc_ebz_23010_card.act,200
https://www.dgb.co.kr/fnp_ebz_26010_depo.act,200
https://www.dgb.co.kr/fnp_ebz_26010_depo.act,200
https://www.dgb.co.kr/fnp_ebz_26010_depo.act,200
https://www.dgb.co.kr/fnp_ebz_26010_depo.act,200
https://www.dgb.co.kr/fnp_ebz_26010_depo.act,200
https://www.dgb.co.kr/fnp_ebz_26010_depo.act,200
https://www.dgb.co.kr/fnp_ebz_26010_depo.act,200
https://www.dgb.co.kr/fnp_ebz_26010_depo.act,200
https://www.dgb.co.kr/fnp_ebz_26010_depo.act,200
https://www.dgb.co.kr/fnp_ebz_26010_depo.act,200
https://www.dgb.co.kr/fnp_ebz_26010_depo.act,200
https://www.dgb.co.kr/fnp_ebz_26010_depo.act,200
https://www.dgb.co.kr/fnp_ebz_26010_depo.act,200
https://www.dgb.co.kr/fnp_ebz_26010_depo.act,200
https://www.dgb.co.kr/fnp_ebz_26010_depo.act,200
https://www.dgb.co.kr/fnp_ebz_26010_depo.act,200
https://www.dgb.co.kr/fnp_ebz_26010_depo.act,200
https://www.dgb.co.kr/fnp_ebz_26010_depo.act,200
https://www.dgb.co.kr/fnp_ebz_26010_depo.act,200
https://www.dgb.co.kr/fnp_ebz_26010_depo.act,200
https://www.dgb.co.kr/fnp_ebz_26010_depo.act,200
https://www.dgb.co.kr/fnp_ebz_26010_depo.act,200
https://www.dgb.co.kr/fnp_ebz_26010_depo.act,200
https://www.dgb.co.kr/fnp_ebz_26010_depo.act,200
https://www.dgb.co.kr/fnp_ebz_26010_depo.act,200
https://www.dgb.co.kr/fnp_ebz_26010_depo.act,200
https://www.dgb.co.kr/fnp_ebz_26010_depo.act,200
https://www.dgb.co.kr/fnp_ebz_26010_depo.act,200
https://www.dgb.co.kr/fnp_ebz_26010_depo.act,200
https://www.dgb.co.kr/fnp_ebz_26010_depo.act,200
https://www.dgb.co.kr/fnp_ebz_26010_depo.act,200
https://www.dgb.co.kr/fnp_ebz_26010_depo.act,200
https://www.dgb.co.kr/fnp_ebz_26010_depo.act,200
https://www.dgb.co.kr/fnp_ebz_26010_depo.act,200
https://www.dgb.co.kr/fnp_ebz_26010_depo.act,200
https://www.dgb.co.kr/fnp_ebz_26010_depo.act,200
https://www.dgb.co.kr/fnp_ebz_26010_depo.act,200
https://www.dgb.co.kr/fnp_ebz_22010_depo.act,200
https://bank.shinhan.com/index.jsp#020105050000,200
https://www.e-jejubank.com/JeJuBankInfo.do?menuCd=453&gLnbMenuCd=453,200
https://www.oksavingsbank.com/#/gdsLonCrdaDtl?menuCd=00170&lonGdsSqno=122&pageNo=2&rfndMetdCd=00000&rqusObjcCd=00000&charTagCd=00000&arayGdsNm=1&arayInrt=0,200
https://www.oksavingsbank.com/#/gdsLonCrdaDtl?menuCd=00170&lonGdsSqno=119&pageNo=2&rfndMetdCd=00000&rqusObjcCd=00000&charTagCd=00000&arayGdsNm=1&arayInrt=0,200
https://www.dgb.co.kr/fnp_ebz_26010_depo.act,200
https://www.dgb.co.kr/fnp_ebz_26010_depo.act,200
https://www.dgb.co.kr/fnp_ebz_26010_depo.act,200
https://www.dgb.co.kr/fnp_ebz_26010_depo.act,200
https://www.dgb.co.kr/fnp_ebz_26010_depo.act,200
https://www.suhyup-bank.com/ib20/mnu/FPD00040,200
https://www.shinhancard.com/pconts/html/card/check/MOBFM282R03.html,200
https://www.e-jejubank.com/HomeCheckCard.do?pramDiv=1&menuCd=1989&scrType=List&currPage=1&selectRow=1&rowNum=0&goodsCodeNo=0&gLnbMenuCd=1989,200
https://www.e-jejubank.com/HomeMaincard.do?pramDiv=1&menuCd=1986&scrType=List&currPage=1&selectRow=1&rowNum=0&goodsCodeNo=0&gLnbMenuCd=1986,200
https://www.truefriend.com/main/mall/opendecision/RpInfo.jsp,200
https://m.wooricard.com/dcmw/yh1/crd/crd02/M1CRD202S00.do?ctgrCd=S110004&hiPrdCtgrCd=M120006,200
https://www.hanasavings.com/YPR/YPR0200,200
https://www.hanasavings.com/YPR/YPR0400,200
https://www.e-jejubank.com/HomeMaincard.do?pramDiv=1&menuCd=1986&scrType=List&currPage=1&selectRow=1&rowNum=0&goodsCodeNo=0&gLnbMenuCd=1986,200
https://www.dgb.co.kr/fnp_ebz_26010_depo.act,200
https://www.dgb.co.kr/fnp_ebz_26010_depo.act,200
https://www.dgb.co.kr/fnp_ebz_26010_depo.act,200
https://www.dgb.co.kr/fnp_ebz_26010_depo.act,200
https://www.dgb.co.kr/fnp_ebz_26010_depo.act,200
https://www.dgb.co.kr/fnp_ebz_26010_depo.act,200
https://www.dgb.co.kr/fnp_ebz_26010_depo.act,200
https://www.dgb.co.kr/fnp_ebz_26010_depo.act,200
https://www.dgb.co.kr/fnp_ebz_26010_depo.act,200
https://www.dgb.co.kr/fnp_ebz_26010_depo.act,200
https://www.dgb.co.kr/fnp_ebz_26010_depo.act,200
https://www.dgb.co.kr/fnp_ebz_26010_depo.act,200
https://www.dgb.co.kr/fnp_ebz_26010_depo.act,200
https://www.dgb.co.kr/fnp_ebz_26010_depo.act,200
https://www.dgb.co.kr/fnp_ebz_26010_depo.act,200
https://www.dgb.co.kr/fnp_ebz_26010_depo.act,200
https://www.dgb.co.kr/fnp_ebz_26010_depo.act,200
https://www.dgb.co.kr/fnp_ebz_26010_depo.act,200
https://www.dgb.co.kr/fnp_ebz_26010_depo.act,200
https://www.dgb.co.kr/fnp_ebz_26010_depo.act,200
https://www.dgb.co.kr/fnp_ebz_26010_depo.act,200
https://www.dgb.co.kr/fnp_ebz_26010_depo.act,200
https://www.dgb.co.kr/fnp_ebz_26010_depo.act,200
https://www.shinhancard.com/pconts/html/card/credit/MOBFM281/MOBFM281R06.html,200
https://www.dgb.co.kr/fnp_ebz_26010_depo.act,200
https://smartmarket.nonghyup.com/content/html/sf/cn/sfgateway.html?refbnk=1&SERVICE_ID=SFSL0031R&NAVIGATE_TYPE=1&SF_NAAC_DS_DTLC=1,200
https://bank.shinhan.com/index.jsp#020105080000,200
https://smartmarket.nonghyup.com/content/html/sf/cn/sfgateway.html?refbnk=1&SERVICE_ID=SFSL0081R&NAVIGATE_TYPE=1&SF_NAAC_DS_DTLC=1,200
https://www.oksavingsbank.com/#/gdsLonAutoList?menuCd=00175,200
https://www.dgb.co.kr/fnp_ebz_26010_depo.act,200
https://www.dgb.co.kr/fnp_ebz_26010_depo.act,200
https://www.suhyup-bank.com/ib20/mnu/FPD00022,200
https://www.dgb.co.kr/fnp_ebz_26010_depo.act,200
https://m.wooricard.com/dcmw/yh1/car/car03/M1CAR203S00.do,200
https://m.wooricard.com/dcmw/yh1/lon/lon02/useadvaplc/M1LON102S00.do,200
https://m.wooricard.com/dcmw/yh1/crd/crd02/M1CRD202S00.do?ctgrCd=S110012&hiPrdCtgrCd=M120007,200
https://m.wooricard.com/dcmw/yh1/crd/crd02/M1CRD202S00.do?ctgrCd=S110013&hiPrdCtgrCd=M120008,200
https://m.wooricard.com/dcmw/yh1/crd/crd02/M1CRD202S00.do?ctgrCd=S110009&hiPrdCtgrCd=M120007,200
https://m.wooricard.com/dcmw/yh1/crd/crd02/M1CRD202S00.do?ctgrCd=S110003&hiPrdCtgrCd=M120006,200
https://m.wooricard.com/dcmw/yh1/crd/crd02/M1CRD202S00.do?ctgrCd=M120002&hiPrdCtgrCd=M120002,200
https://m.wooricard.com/dcmw/yh1/crd/crd02/M1CRD202S00.do?ctgrCd=M120005&hiPrdCtgrCd=M120005,200
https://ibz.nonghyup.com/servlet/ICBC0411R.view,200
https://ibz.nonghyup.com/servlet/ICBC0420R.view,200
https://card.kbcard.com/CXPRICAC0067.cms,200
https://www.lottecard.co.kr/app/LPFINFA_V100.lc,200
https://www.kbsec.com/go.able?linkcd=m01060010,410
https://www.standardchartered.co.kr/np/kr/bs/ye/YieldEnhancementList.jsp?ptfrm=HIN.KOR.INTRO.mega.korBusA1_4,200
https://www.standardchartered.co.kr/np/kr/bs/ye/YieldEnhancementList.jsp?ptfrm=HIN.KOR.INTRO.mega.korBusA1_4,200
https://www.kjbank.com/ib20/mnu/BHPCSCN040302,200
https://www.kjbank.com/ib20/mnu/BHPCSCN040200,200
https://www.suhyup-bank.com/ib20/mnu/FPD00048,200
https://www.suhyup-bank.com/ib20/mnu/FPD00137,200
https://www.ibk.co.kr/cardbiz/listBizNew.ibk?pageId=CA01060000,200
https://sb.koreainvestment.com/ib20/mnu/hom00146,200
https://sb.koreainvestment.com/ib20/mnu/hom00020,200
https://obiz.kbstar.com/quics?page=C016144&%EC%98%88%EA%B8%88%EC%A2%85%EB%A5%98=00034,200
https://sbiz.wooribank.com/biz/Dream?withyou=BZDEP0008,200
https://sbiz.wooribank.com/biz/Dream?withyou=BZDEP0008,200
https://sbiz.wooribank.com/biz/Dream?withyou=BZDEP0007,200
https://www.kjbank.com/ib20/mnu/BHPCSCN040804,200
https://www.kbanknow.com/ib20/mnu/FPMLON010000?ib20_wc=FPMMAN0000000301V:FPMMAN0000000301V,000
https://www.dgb.co.kr/fnc_ebz_12010_card.act,200
https://www.jbbank.co.kr/jsp/prd/NFF_CRCD_CHCR.act,200
https://www.jbbank.co.kr/jsp/prd/NFF_CRCD_CHCR.act,200
https://spot.wooribank.com/pot/Dream?withyou=POLON0064,200
https://spot.wooribank.com/pot/Dream?withyou=POLON0063,200
https://www.jbbank.co.kr/jsp/prd/NFF_CRCD_ALNC.act,200
https://www.jbbank.co.kr/jsp/prd/NFF_CRCD_GNRL.act,200
https://www.kakaobank.com/products/creditLine,200
https://www.kakaobank.com/products/withdrawal,200
https://www.kebhana.com/cont/mall/mall08/mall0805/index.jsp?_menuNo=62608,200
https://www.ibk.co.kr/common/navigation.ibk?linkUrl=/financetech/efinance/coop/cashcard_pay.jsp&pageId=CA01080300,200
https://mybank.ibk.co.kr/uib/jsp/guest/ntr/ntr70/ntr7010/PNTR701015_m.jsp?APLY_EFNC_MENU_ID=P0104030000&SCRE_ID=PNTR701015_m&MENU_DIV=GNB,200
https://smartcard.nonghyup.com,200
https://mob.lottecap.com/cl/nl/CLNL00100,200
https://smartcard.nonghyup.com,200
https://smartcard.nonghyup.com,200
https://smartcard.nonghyup.com,200
https://smartcard.nonghyup.com,200
https://spot.wooribank.com/pot/Dream?withyou=ISBAC0093,200
https://mybank.ibk.co.kr/uib/jsp/guest/ntr/ntr70/ntr7015/PNTR701510_m.jsp?APLY_EFNC_MENU_ID=P0105020000&SCRE_ID=PNTR701510_m&MENU_DIV=GNB,200
https://spot.wooribank.com/pot/Dream?withyou=ISBAC0095,200
https://spot.wooribank.com/pot/Dream?withyou=POLON0057,200
https://spot.wooribank.com/pot/Dream?withyou=POLON0058,200
https://spot.wooribank.com/pot/Dream?withyou=POLON0056,200
https://spot.wooribank.com/pot/Dream?withyou=POLON0055,200
https://mybank.ibk.co.kr/uib/jsp/guest/ntr/ntr70/ntr7010/PNTR701010_m.jsp?APLY_EFNC_MENU_ID=P0104020000&SCRE_ID=PNTR701010_m&MENU_DIV=GNB,200
https://spot.wooribank.com/pot/Dream?withyou=ISBAC0101,200
https://spot.wooribank.com/pot/Dream?withyou=POLON0053,200
https://m.wooricard.com/dcmw/yh2/bcd/bcd01/cdadv/M2BCD201S05.do,200
https://m.wooricard.com/dcmw/yh2/bcd/bcd01/cdadv/M2BCD201S04.do,200
https://m.wooricard.com/dcmw/yh1/car/car06/atcsbgadv/M1CAR206S00.do,200
https://spot.wooribank.com/pot/Dream?withyou=ISBAC0100,200
https://spot.wooribank.com/pot/Dream?withyou=ISBAC0101,200
https://spot.wooribank.com/pot/Dream?withyou=ISBAC0093,200
https://spot.wooribank.com/pot/Dream?withyou=FXDEP0002,200
https://m.wooricard.com/dcmw/yh1/lon/lon03/useadvaplc/M1LON103S00.do,200
https://m.wooricard.com/dcmw/yh1/crd/crd02/M1CRD202S00.do?ctgrCd=S110012&hiPrdCtgrCd=M120007,200
https://m.wooricard.com/dcmw/yh1/crd/crd02/M1CRD202S00.do?ctgrCd=S110005&hiPrdCtgrCd=M120006,200
https://m.wooricard.com/dcmw/yh1/crd/crd02/M1CRD202S00.do?ctgrCd=S110003&hiPrdCtgrCd=M120006,200
https://spot.wooribank.com/pot/Dream?withyou=PODEP0030,200
https://m.wooricard.com/dcmw/yh1/crd/crd02/M1CRD202S00.do?ctgrCd=M120005&hiPrdCtgrCd=M120005,200
https://spot.wooribank.com/pot/Dream?withyou=PODEP0021,200
https://spot.wooribank.com/pot/Dream?withyou=POLON0058,200
https://spot.wooribank.com/pot/Dream?withyou=POLON0057,200
https://www.bccard.com/app/card/CheckCardMain.do,200
https://www.bccard.com/app/card/CreditCardMain.do,200
https://www.suhyup-bank.com/ib20/mnu/FPD00052,200
https://www.jbbank.co.kr/NFF_FRDP_SZMY.act,200
https://www.suhyup-bank.com/ib20/mnu/FPD00049,200
https://www.shinhancard.com/cconts/html/card_request/card_info/mileagesave/CRP36300.html,200
https://www.shinhancard.com/cconts/html/card_request/card_info/payment_only/CRP36400.html,200
https://www.shinhancard.com/pconts/html/card/credit/MOBFM286/MOBFM286R08.html,200
https://www.standardchartered.co.kr/np/kr/pl/se/SavingList.jsp?ptfrm=HIN.KOR.INTRO.mega.korPerA1_1&id=list1,200
https://www.standardchartered.co.kr/np/kr/pl/se/SavingList.jsp?ptfrm=HIN.KOR.INTRO.mega.korPerA1_1&id=list1,200
https://www.shinhancard.com/pconts/html/card/check/MOBFM282R07.html,200
https://www.shinhancard.com/pconts/html/card/credit/MOBFM281/MOBFM281R02.html,200
https://www.standardchartered.co.kr/np/kr/pl/se/SavingList.jsp?ptfrm=HIN.KOR.INTRO.mega.korPerA1_1&id=list1,200
https://www.shinhancard.com/pconts/html/card/credit/MOBFM286/MOBFM286R03.html,200
https://www.shinhancard.com/pconts/html/card/credit/MOBFM281/MOBFM281R07.html,200
https://mycompany.hyundaicard.com/cm/mn/CMMN1001.do?_method=m,200
https://mycompany.hyundaicard.com/cm/mn/CMMN1001.do?_method=m,200
https://www.busanbank.co.kr/ib20/mnu/FPMLON092006001,200
https://www.knbank.co.kr/ib20/mnu/FPMLON050112000,200
https://www.busanbank.co.kr/ib20/mnu/FPMLON092002001,200
https://www.busanbank.co.kr/ib20/mnu/FPMLON092004001,200
https://www.busanbank.co.kr/ib20/mnu/FPMLON092010001,200
https://www.busanbank.co.kr/ib20/mnu/FPMLON092005001,200
https://www.busanbank.co.kr/ib20/mnu/FPMLON092001001,200
https://www.busanbank.co.kr/ib20/mnu/FPMLON092001001,200
https://www.hyundaicard.com/cpc/cr/CPCCR0621_11.hc?cardflag=C#aTab_3,200
https://www.hyundaicard.com/cpc/cr/CPCCR0621_11.hc?cardflag=M,200
https://www.hyundaicard.com/cpc/ma/CPCMA0101_01.hc,200
https://www.jbbank.co.kr/jsp/prd/NFF_LOAN_COMP.act,200
https://www.jbbank.co.kr/jsp/prd/NFF_FRDP_SZMY.act,200
https://www.jbbank.co.kr/jsp/prd/NFF_FRDP_HSBC.act,200
https://home.imeritz.com/wrapacnt/WrapDpstMmw.do,000
https://www.knbank.co.kr/ib20/mnu/FPMINS070103004,200
https://obank.kbstar.com/quics?page=C016613&%EC%98%88%EA%B8%88%EC%A2%85%EB%A5%98=00169,200
https://www.knbank.co.kr/ib20/mnu/FPMLON050106000,200
https://www.samsungpop.com/ux/kor/finance/cma/cma/info.do,200
https://www.truefriend.com/main/mall/openptrade/_static/TF02mg000001.jsp,200
https://www.miraeassetdaewoo.com/hks/hks4323/n08.do,000
https://www.truefriend.com/main/mall/opencma/CmaInfo.jsp?cmd=TF02bb010000,200
https://www.ibks.com/index.do,200
https://www.hi-ib.com/,400
https://www.kbsavings.com/websquare/websquare.jsp?w2xPath=/jsp/main.xml,200
https://www.kbsavings.com/websquare/websquare.jsp?w2xPath=/jsp/main.xml,200
https://kiup.ibk.co.kr/uib/jsp/guest/ntr/ntr70/ntr7015/ENTR701510_m.jsp?APLY_EFNC_MENU_ID=E0002020000&SCRE_ID=ENTR701510_m&MENU_DIV=GNB,200
https://www.oksavingsbank.com/#/gdsLonSdstList?menuCd=00173,200
https://www.suhyup-bank.com/ib20/mnu/FPD00028,200
https://www.suhyup-bank.com/ib20/mnu/FPD00022,200
https://www.busanbank.co.kr/ib20/mnu/FPMCRD123004001,200
https://www.busanbank.co.kr/ib20/mnu/FPMCRD122003001,200
https://www.busanbank.co.kr/ib20/mnu/FPMDPO012004001,200
https://www.busanbank.co.kr/ib20/mnu/FPMDPO012008001,200
https://www.busanbank.co.kr/ib20/mnu/FPMDPO012003001,200
https://www.kbanknow.com/ib20/mnu/FPMCRD000000,000
https://wm1.kiwoom.com/fdm.template.do?m=m0402050000&,000
https://www.hanacard.co.kr/OCI01001000D.web?schID=ccd&mID=OCI01001000D&CT_ID=302002070357266,200
https://corp.lottecard.co.kr/app/LCPRDDA_V100.lc,200
https://m.wooricard.com/dcmw/yh1/crd/crd02/M1CRD202S00.do?ctgrCd=M120003&hiPrdCtgrCd=M120003,200
https://m.wooricard.com/dcmw/yh2/bcd/bcd01/cdadv/M2BCD201S02.do,200
https://open.standardchartered.co.kr/bc/CardInfoListNonProd?menuid=OBC01050000000000,200
https://open.standardchartered.co.kr/bc/CardInfoList?menuid=OBC01010700000000,200
https://open.standardchartered.co.kr/bc/CardInfoList?menuid=OBC01010600000000,200
https://open.standardchartered.co.kr/bc/CardInfoList?menuid=OBC01011000000000,200
https://open.standardchartered.co.kr/bc/CardInfoList?menuid=OBC01010300000000,200
https://open.standardchartered.co.kr/bc/SamSungCardInfoList?menuid=OBCS0100000000000,200
https://www.hanacard.co.kr/OPI31000000D.web?schID=pcd&mID=OPI31000005P&CT_ID=241704030444153,200
https://www.shinhancard.com/pconts/html/card/check/MOBFM282R04.html,200
https://ibz.nonghyup.com/servlet/ICBC0411R.view,200
https://card.kbcard.com/CXPRICAC0050.cms,200
https://card.kbcard.com/CXPRICAC0062.cms,200
https://www.suhyup-bank.com/ib20/mnu/FPD00040,200
https://www.suhyup-bank.com/ib20/mnu/FPD00041,200
https://www.ibk.co.kr/cardbiz/listBizNew.ibk?pageId=CA01060000,200
https://www.ibk.co.kr/cardbiz/listBizNew.ibk?pageId=CA01030000,200
https://www.ibk.co.kr/cardbiz/listBizNew.ibk?pageId=CA01020000,200
https://www.knbank.co.kr/ib20/mnu/FPMCRD060103000,200
https://www.knbank.co.kr/ib20/mnu/FPMCRD060108000,200
https://www.busanbank.co.kr/ib20/mnu/FPMCRD122001001,200
https://www.busanbank.co.kr/ib20/mnu/FPMCRD122003001,200
https://www.busanbank.co.kr/ib20/mnu/FPMCRD122002001,200
https://www.bccard.com/app/card/CreditCardMain.do,200
https://www.jbbank.co.kr/jsp/prd/NFF_CRCD_GNRL.act,200
https://www.jbbank.co.kr/jsp/prd/NFF_CRCD_GNRL.act,200
https://www.jbbank.co.kr/jsp/prd/NFF_CRCD_ALNC.act,200
https://www.kbanknow.com/ib20/mnu/FPMCRD000000,000
https://www.kjbank.com/ib20/mnu/BHPCSCN040804,200
https://www.kjbank.com/ib20/mnu/BHPCSCN040803,200
https://biz.kbcard.com/CXERCCACD0007.cms,200
https://card.kbcard.com/CXPRIFIC0096.cms,200
https://biz.kbcard.com/CXERCCACD0007.cms?isAjax=Y&%25EC%25B9%25B4%25EB%2593%259C%25EC%2583%2581%25ED%2592%2588%25EB%25B6%2584%25EB%25A5%2598%25EC%25BD%2594%25EB%2593%259C%25EB%25B2%2588%25ED%2598%25B8=L0130&%25EC%25B9%25B4%25EB%2593%259C%25EC%2583%2581%25ED%2592%2588%25EB%25B6%2584%25EB%25A5%2598%25EC%25BD%2594%25EB%2593%259C%25EB%25B3%2584=N&mainCC=a,200
https://obank.kbstar.com/quics?page=C016613&%EC%98%88%EA%B8%88%EC%A2%85%EB%A5%98=00169&%EC%83%81%ED%92%88%EC%9C%A0%ED%98%95%EC%BD%94%EB%93%9C=00029,200
https://card.kbcard.com/CXPRICAC0051.cms,200
https://www.hanacard.co.kr/OPI31000000D.web?schID=pcd&mID=OPI31000005P&CT_ID=241704030444153,200
https://www.hanacard.co.kr/OPI31000000D.web?schID=pcd&mID=OPI31000005P&CT_ID=241704030444153,200
https://www.hanacard.co.kr/OPI31000000D.web?schID=pcd&mID=OPI31000005P&CT_ID=241704050328506,200
https://www.hanacard.co.kr/OPI31000000D.web?schID=pcd&mID=OPI31000005P&CT_ID=241704030444153,200
https://www.hanacard.co.kr/OPI31000000D.web?schID=pcd&mID=OPI31000005P&CT_ID=241704050328506,200
https://www.hanacard.co.kr/OPI31000000D.web?schID=pcd&mID=OPI31000005P&CT_ID=241704030444153,200
https://www.hanasavings.com/YPR/YPR0403,200
https://www.kbanknow.com/ib20/mnu/FPMDPT010000,000
https://sbiz.wooribank.com/biz/Dream?withyou=BZDEP0009,200
https://www.kbanknow.com/ib20/mnu/FPMDPT010000,000
https://spot.wooribank.com/pot/Dream?withyou=POLON0063,200
https://sbiz.wooribank.com/biz/Dream?withyou=BZDEP0007,200
https://spot.wooribank.com/pot/Dream?withyou=ISBAC0094,200
https://spot.wooribank.com/pot/Dream?withyou=ISBAC0100,200
https://spot.wooribank.com/pot/Dream?withyou=POLON0058,200
https://spot.wooribank.com/pot/Dream?withyou=FXDEP0002,200
https://spot.wooribank.com/pot/Dream?withyou=POLON0056,200
https://spot.wooribank.com/pot/Dream?withyou=POLON0055,200
https://spot.wooribank.com/pot/Dream?withyou=PODEP0025,200
https://spot.wooribank.com/pot/Dream?withyou=POLON0053,200
https://spot.wooribank.com/pot/Dream?withyou=PODEP0026,200
https://spot.wooribank.com/pot/Dream?withyou=PODEP0022,200
https://spot.wooribank.com/pot/Dream?withyou=PODEP0023,200
https://spot.wooribank.com/pot/Dream?withyou=PODEP0020,200
https://spot.wooribank.com/pot/Dream?withyou=PODEP0021,200
https://www.busanbank.co.kr/ib20/mnu/FPMNSR162007001,200
https://www.busanbank.co.kr/ib20/mnu/FPMNSR162004001,200
https://obiz.kbstar.com/quics?page=C016280&%EC%82%AC%EC%97%85%EC%9E%90%EA%B5%AC%EB%B6%84=3,200
https://obiz.kbstar.com/quics?page=C016280&%EC%82%AC%EC%97%85%EC%9E%90%EA%B5%AC%EB%B6%84=3,200
https://sb.koreainvestment.com/ib20/mnu/hom00058,200
https://obiz.kbstar.com/quics?page=C016144&%EC%98%88%EA%B8%88%EC%A2%85%EB%A5%98=00033,200
https://obiz.kbstar.com/quics?page=C016144&%EC%98%88%EA%B8%88%EC%A2%85%EB%A5%98=00034,200
https://obiz.kbstar.com/quics?page=C016144&%EC%98%88%EA%B8%88%EC%A2%85%EB%A5%98=00032,200
https://biz.kebhana.com/product/index.do?menuItemId=soc_211,200
https://sbiz.wooribank.com/biz/Dream?withyou=BZDEP0008,200
https://open.standardchartered.co.kr/bc/bc_common?menuid=OBC01010800000000,200
https://www.standardchartered.co.kr/np/kr/bs/ye/YieldEnhancementList.jsp?ptfrm=HIN.KOR.INTRO.mega.korBusA1_4,200
https://www.standardchartered.co.kr/np/kr/bs/ye/YieldEnhancementList.jsp?ptfrm=HIN.KOR.INTRO.mega.korBusA1_4,200
https://www.standardchartered.co.kr/np/kr/bs/ye/YieldEnhancementList.jsp?ptfrm=HIN.KOR.INTRO.mega.korBusA1_4,200
https://www.kakaobank.com/products/mini,200
https://www.kakaobank.com/products/minicard,200
https://banking.kdb.co.kr/bp/BMIFMN00N00.act?_WSLOG_MNU_ID=IBFMFM0023,200
https://www.kakaobank.com/products/checkcard,200
https://banking.kdb.co.kr/bp/BMMNMN00N00.act?_WSLOG_MNU_ID=IBFMFM0001&_WSLOG_EDD_SRE_YN=Y#__init__,200
https://banking.kdb.co.kr/bp/BMCAWP01N00.act?_WSLOG_MNU_ID=IBFMFM0033,200
https://banking.kdb.co.kr/bp/BMDEEP07N00.act?_WSLOG_MNU_ID=IBFMFM0022,200
https://www.suhyup-bank.com/ib20/mnu/FPD00150,200
https://www.suhyup-bank.com/ib20/mnu/FPD00099,200
https://www.suhyup-bank.com/ib20/mnu/FPD00027,200
https://www.suhyup-bank.com/ib20/mnu/FPD00028,200
https://www.suhyup-bank.com/ib20/mnu/FPD00023,200
https://www.suhyup-bank.com/ib20/mnu/FPD00022,200
https://www.suhyup-bank.com/ib20/mnu/FPD00020,200
https://www.suhyup-bank.com/ib20/mnu/FPD00021,200
https://www.suhyup-bank.com/ib20/mnu/FPD00019,200
https://www.suhyup-bank.com/ib20/mnu/FPD00136,200
https://www.suhyup-bank.com/ib20/mnu/FPD00013,200
https://www.suhyup-bank.com/ib20/mnu/FPD00012,200
https://www.suhyup-bank.com/ib20/mnu/FPD00010,200
https://www.suhyup-bank.com/ib20/mnu/FPD00137,200
https://www.suhyup-bank.com/ib20/mnu/FPD00009,200
https://www.suhyup-bank.com/ib20/mnu/FPD00008,200
https://www.suhyup-bank.com/ib20/mnu/FPD00055,200
https://www.suhyup-bank.com/ib20/mnu/FPD00052,200
https://www.suhyup-bank.com/ib20/mnu/FPD00049,200
https://www.suhyup-bank.com/ib20/mnu/FPD00051,200
https://www.suhyup-bank.com/ib20/mnu/FPD00050,200
https://www.suhyup-bank.com/ib20/mnu/FPD00040,200
https://www.suhyup-bank.com/ib20/mnu/FPD00041,200
https://www.suhyup-bank.com/ib20/mnu/FPD00027,200
https://www.suhyup-bank.com/ib20/mnu/FPD00028,200
https://www.suhyup-bank.com/ib20/mnu/FPD00022,200
https://www.suhyup-bank.com/ib20/mnu/FPD00025,200
https://www.suhyup-bank.com/ib20/mnu/FPD00023,200
https://www.suhyup-bank.com/ib20/mnu/FPD00021,200
https://www.suhyup-bank.com/ib20/mnu/FPD00020,200
https://www.kebhana.com/cont/mall/mall09/mall0903/mall090305/index.jsp,200
https://www.kebhana.com/cont/mall/mall09/mall0903/mall090306/index.jsp,200
https://www.kebhana.com/cont/mall/mall09/mall0903/mall090302/index.jsp,200
https://www.kebhana.com/cont/mall/mall09/mall0903/mall090301/index.jsp,200
https://www.jbbank.co.kr/jsp/prd/GDS_GDNC_GFCR_01.act,200
https://www.jbbank.co.kr/jsp/prd/scloannoti.act,200
https://www.jbbank.co.kr/jsp/prd/scpronoti.act?bbs_searchKind={%22BLTHG_CTGR_DFN_KEY_VAL%22%3A%22444%22}&BBSSEARCH_RELATION=444,200
https://www.jbbank.co.kr/jsp/prd/NFF_CRCD_CHCR.act,200
https://www.jbbank.co.kr/jsp/prd/NFF_CRCD_GNRL.act,200
https://www.jbbank.co.kr/jsp/prd/GDS_GDNC_GFCR_01.act,200
https://www.jbbank.co.kr/jsp/prd/NFF_CRCD_CHCR.act,200
https://spot.wooribank.com/pot/Dream?withyou=POLON0065,200
https://www.jbbank.co.kr/jsp/prd/NFF_CRCD_GNRL.act,200
https://www.kebhana.com/cont/mall/mall09/mall0902/mall090204/index.jsp,200
https://www.kakaobank.com/products/creditLoan,200
https://www.kakaobank.com/products/leaseLoan,200
https://www.kakaobank.com/products/coinbox,200
https://www.kakaobank.com/products/sohoLoan,200
https://www.kakaobank.com/products/deposit,200
https://www.kakaobank.com/products/associatedCard,200
https://www.kakaobank.com/products/emergencyLoan,200
https://www.kakaobank.com/products/creditLoan,200
https://www.kakaobank.com/products/leaseLoan,200
https://www.kakaobank.com/products/creditLine,200
https://www.kakaobank.com/products/coinbox,200
https://www.kakaobank.com/products/moim,200
https://mybank.ibk.co.kr/uib/jsp/guest/ntr/ntr70/ntr7010/PNTR701020_m.jsp?APLY_EFNC_MENU_ID=P0104040000&SCRE_ID=PNTR701020_m&MENU_DIV=GNB,200
https://www.kbcapital.co.kr/prdt/comm/intoduce.kbc?murl=%2Fprdt%2Fcomm%2Fintoduce.kbc&mcode=WPRDT0101&mlevel=3&mupcode=WPRDT&prdtCd=PC005,200
https://spot.wooribank.com/pot/Dream?withyou=POGLD0018,200
https://spot.wooribank.com/pot/Dream?withyou=PODEP0030,200
https://spot.wooribank.com/pot/Dream?withyou=ISBAC0092,200
https://spot.wooribank.com/pot/Dream?withyou=ISBAC0100,200
https://spot.wooribank.com/pot/Dream?withyou=PODEP0020,200
https://m.wooricard.com/dcmw/yh1/crd/crd02/M1CRD202S00.do?ctgrCd=S110011&hiPrdCtgrCd=M120007,200
https://m.wooricard.com/dcmw/yh1/lon/lon04/useadvexpr/M1LON204S00.do,200
https://m.wooricard.com/dcmw/yh1/crd/crd02/M1CRD202S00.do?ctgrCd=S110009&hiPrdCtgrCd=M120007,200
https://m.wooricard.com/dcmw/yh1/crd/crd02/M1CRD202S00.do?ctgrCd=S110007&hiPrdCtgrCd=M120006,200
https://m.wooricard.com/dcmw/yh1/crd/crd02/M1CRD202S00.do?ctgrCd=S110001&hiPrdCtgrCd=M120006,200
https://m.wooricard.com/dcmw/yh1/crd/crd02/M1CRD202S00.do?ctgrCd=S110002&hiPrdCtgrCd=M120006,200
https://www.bccard.com/app/card/CheckCardMain.do,200
https://spot.wooribank.com/pot/Dream?withyou=POLON0100,200
https://www.bccard.com/app/card/CreditCardMain.do,200
https://www.bccard.com/app/card/CreditCardMain.do,200
https://www.standardchartered.co.kr/np/kr/bs/wk/WorkingCapitalInfo.jsp?ptfrm=HIN.KOR.INTRO.mega.korBusA1_1,200
https://www.jbbank.co.kr/jsp/prd/loan_scxp_gdnc.act,200
https://www.jbbank.co.kr/jsp/prd/NFF_LOAN_CDLN.act,200
https://www.jbbank.co.kr/jsp/prd/NFF_FRDP_SPND.act,200
https://www.jbbank.co.kr/jsp/prd/NFF_FRDP_SMYR.act,200
https://www.lottecard.co.kr/app/LPCDAEA_V100.lc?cate1=check&cate2=050010101&cate2Nm=%EC%87%BC%ED%95%91&crdOfrFc=02&typeGubun=check&tabGubun=050010101,200
https://www.shinhancard.com/conts/store/self_emp_benefit/self_emp_gu/partcard/soho_partner.jsp,200
https://www.shinhancard.com/pconts/html/card/prepayCard/MOBFM230/R02/MOBFM230R02.html,200
https://www.shinhancard.com/pconts/html/card/credit/MOBFM286/MOBFM286R03.html,200
https://www.standardchartered.co.kr/np/kr/pl/se/SavingList.jsp?ptfrm=HIN.KOR.INTRO.mega.korPerA1_1&id=list1,200
https://www.standardchartered.co.kr/np/kr/pl/se/SavingList.jsp?ptfrm=HIN.KOR.INTRO.mega.korPerA1_1&id=list1,200
https://www.shinhancard.com/pconts/html/card/credit/MOBFM281/MOBFM281R04.html,200
https://www.shinhancard.com/pconts/html/card/credit/MOBFM281/MOBFM281R07.html,200
https://www.hyundaicard.com/cpc/cr/CPCCR0621_11.hc?cardflag=C#aTab_2,200
https://www.hyundaicard.com/cpc/cr/CPCCR0621_11.hc?cardflag=J,200
https://www.hyundaicard.com/cpc/cr/CPCCR0621_11.hc?cardflag=J,200
https://obank.kbstar.com/quics?page=C029413,200
https://obank.kbstar.com/quics?page=C039198,200
https://obank.kbstar.com/quics?page=C016622,200
https://obank.kbstar.com/quics?page=C103998,200
https://obank.kbstar.com/quics?page=C103557,200
https://obank.kbstar.com/quics?page=C103573,200
https://obank.kbstar.com/quics?page=C103429,200
https://obank.kbstar.com/quics?page=C016613&%EC%98%88%EA%B8%88%EC%A2%85%EB%A5%98=00025,200
https://obank.kbstar.com/quics?page=C016613&%EC%98%88%EA%B8%88%EC%A2%85%EB%A5%98=00169,200
https://obank.kbstar.com/quics?page=C016613&%EC%98%88%EA%B8%88%EC%A2%85%EB%A5%98=00031,200
https://obank.kbstar.com/quics?page=C016613&%EC%98%88%EA%B8%88%EC%A2%85%EB%A5%98=00027,200
https://www.jbbank.co.kr/jsp/prd/NFF_LOAN_MRTG.act,200
https://www.jbbank.co.kr/jsp/prd/NFF_FRDP_MRKT.act,200
https://obank.kbstar.com/quics?page=C039209,200
https://card.kbcard.com/CXPRICAC0049.cms,200
https://www.kbsec.com/go.able?linkcd=m01040001,410
https://www.iprovest.com/wealth/rap/rap_product.htm?scr_id=2072,200
https://card.kbcard.com/CXPRIFICD0022.cms,200
https://www.hi-ib.com/,400
https://www.kbsavings.com/websquare/websquare.jsp?w2xPath=/jsp/loanItemInfo/loanItemInfoMain.xml,200
https://www.busanbank.co.kr/ib20/mnu/FPMDPO012001001,200
https://www.kakaobank.com/products/savings,200
https://www.shinhancard.com/pconts/html/card/credit/MOBFM286/MOBFM286R01.html,200
https://www.kakaobank.com/products/minicard,200
https://www.kakaobank.com/products/associatedCard,200
https://www.jbbank.co.kr/jsp/prd/NFF_FRDP_OPAC.act,200
https://www.daishin.com/g.ds?m=1002&p=919&v=599,200
https://www.daishin.com/g.ds?m=1024&p=1309&v=865,200
https://www.daishin.com/g.ds?m=1001&p=909&v=592,200
https://card.kbcard.com/CXPRICAC0048.cms,200
https://www.bccard.com/app/card/CreditCardMain.do,200
https://www.hanacapital.co.kr/car/index.hnc,200
https://sb.koreainvestment.com/ib20/mnu/hom00017,200
https://www.knbank.co.kr/ib20/mnu/FPMLON050102000,200
https://www.knbank.co.kr/ib20/mnu/FPMLON050109000,200
https://www.knbank.co.kr/ib20/mnu/FPMLON050107000,200
https://kiup.ibk.co.kr/uib/jsp/guest/ntr/ntr70/ntr7015/ENTR701510_m.jsp?APLY_EFNC_MENU_ID=E0002020000&SCRE_ID=ENTR701510_m&MENU_DIV=GNB,200
https://card.kbcard.com/CXPRICAC0056.cms,200
https://www.bccard.com/app/card/ContentsLinkActn.do?pgm_id=ind0424,200
https://www.bccard.com/app/card/CheckCardMain.do,200
https://www.bccard.com/app/card/CheckCardMain.do,200
https://www.bccard.com/app/card/CheckCardMain.do,200
https://www.bccard.com/app/card/CheckCardMain.do,200
https://www.bccard.com/app/card/CheckCardMain.do,200
https://www.bccard.com/app/card/CheckCardMain.do,200
https://www.bccard.com/app/card/CheckCardMain.do,200
https://www.bccard.com/app/card/CreditCardMain.do,200
https://www.bccard.com/app/card/CreditCardMain.do,200
https://www.bccard.com/app/card/CreditCardMain.do,200
https://www.bccard.com/app/card/CreditCardMain.do,200
https://www.bccard.com/app/card/CreditCardMain.do,200
https://www.bccard.com/app/card/CreditCardMain.do,200
https://www.bccard.com/app/card/CreditCardMain.do,200
https://www.bccard.com/app/card/CreditCardMain.do,200
https://www.bccard.com/app/card/CreditCardMain.do,200
https://www.bccard.com/app/card/CreditCardMain.do,200
https://obank.kbstar.com/quics?page=C016613&%EC%98%88%EA%B8%88%EC%A2%85%EB%A5%98=00169&%EC%83%81%ED%92%88%EC%9C%A0%ED%98%95%EC%BD%94%EB%93%9C=00029,200
https://obank.kbstar.com/quics?page=C016613&%EC%98%88%EA%B8%88%EC%A2%85%EB%A5%98=00169&%EC%83%81%ED%92%88%EC%9C%A0%ED%98%95%EC%BD%94%EB%93%9C=00029,200
https://obank.kbstar.com/quics?page=C016613&%EC%98%88%EA%B8%88%EC%A2%85%EB%A5%98=00169&%EC%83%81%ED%92%88%EC%9C%A0%ED%98%95%EC%BD%94%EB%93%9C=00029,200
https://card.kbcard.com/CXPRICAC0059.cms,200
https://obiz.kbstar.com/quics?page=C016144&%EC%98%88%EA%B8%88%EC%A2%85%EB%A5%98=00032,200
https://obiz.kbstar.com/quics?page=C016144&%EC%98%88%EA%B8%88%EC%A2%85%EB%A5%98=00032,200
https://obiz.kbstar.com/quics?page=C016144&%EC%98%88%EA%B8%88%EC%A2%85%EB%A5%98=00033,200
https://obiz.kbstar.com/quics?page=C016144&%EC%98%88%EA%B8%88%EC%A2%85%EB%A5%98=00034,200
https://obiz.kbstar.com/quics?page=C016144&%EC%98%88%EA%B8%88%EC%A2%85%EB%A5%98=00034,200
https://obiz.kbstar.com/quics?page=C016144&%EC%98%88%EA%B8%88%EC%A2%85%EB%A5%98=00033,200
https://obiz.kbstar.com/quics?page=C016144&%EC%98%88%EA%B8%88%EC%A2%85%EB%A5%98=00033,200
https://www.kakaobank.com/products/safeboxes,200
https://www.standardchartered.co.kr/np/kr/pl/se/SavingList.jsp?ptfrm=HIN.KOR.INTRO.mega.korPerA1_1&id=list1,200
https://obank.kbstar.com/quics?page=C060866,200
https://obank.kbstar.com/quics?page=C016613&%EC%98%88%EA%B8%88%EC%A2%85%EB%A5%98=00025,200
https://obank.kbstar.com/quics?page=C016613&%EC%98%88%EA%B8%88%EC%A2%85%EB%A5%98=00025,200
https://obank.kbstar.com/quics?page=C016613&%EC%98%88%EA%B8%88%EC%A2%85%EB%A5%98=00031,200
https://obank.kbstar.com/quics?page=C016613&%EC%98%88%EA%B8%88%EC%A2%85%EB%A5%98=00031,200
https://obank.kbstar.com/quics?page=C016613&%EC%98%88%EA%B8%88%EC%A2%85%EB%A5%98=00027,200
https://obank.kbstar.com/quics?page=C016613&%EC%98%88%EA%B8%88%EC%A2%85%EB%A5%98=00031,200
https://obank.kbstar.com/quics?page=C016613&%EC%98%88%EA%B8%88%EC%A2%85%EB%A5%98=00027,200
https://obank.kbstar.com/quics?page=C016613&%EC%98%88%EA%B8%88%EC%A2%85%EB%A5%98=00169,200
https://obank.kbstar.com/quics?page=C016613&%EC%98%88%EA%B8%88%EC%A2%85%EB%A5%98=00169,200
https://obank.kbstar.com/quics?page=C016613&%EC%98%88%EA%B8%88%EC%A2%85%EB%A5%98=00169,200
https://kiup.ibk.co.kr/uib/jsp/guest/ntr/ntr70/ntr7015/ENTR701510_m.jsp?APLY_EFNC_MENU_ID=E0002020000&SCRE_ID=ENTR701510_m&MENU_DIV=GNB,200
https://kiup.ibk.co.kr/uib/jsp/guest/ntr/ntr70/ntr7015/ENTR701510_m.jsp?APLY_EFNC_MENU_ID=E0002020000&SCRE_ID=ENTR701510_m&MENU_DIV=GNB,200
https://kiup.ibk.co.kr/uib/jsp/guest/ntr/ntr70/ntr7015/ENTR701510_m.jsp?APLY_EFNC_MENU_ID=E0002020000&SCRE_ID=ENTR701510_m&MENU_DIV=GNB,200
https://kiup.ibk.co.kr/uib/jsp/guest/ntr/ntr70/ntr7015/ENTR701510_m.jsp?APLY_EFNC_MENU_ID=E0002020000&SCRE_ID=ENTR701510_m&MENU_DIV=GNB,200
https://kiup.ibk.co.kr/uib/jsp/guest/ntr/ntr70/ntr7015/ENTR701510_m.jsp?APLY_EFNC_MENU_ID=E0002020000&SCRE_ID=ENTR701510_m&MENU_DIV=GNB,200
https://kiup.ibk.co.kr/uib/jsp/guest/ntr/ntr70/ntr7015/ENTR701510_m.jsp?APLY_EFNC_MENU_ID=E0002020000&SCRE_ID=ENTR701510_m&MENU_DIV=GNB,200
https://kiup.ibk.co.kr/uib/jsp/guest/ntr/ntr70/ntr7015/ENTR701510_m.jsp?APLY_EFNC_MENU_ID=E0002020000&SCRE_ID=ENTR701510_m&MENU_DIV=GNB,200
https://kiup.ibk.co.kr/uib/jsp/guest/ntr/ntr70/ntr7015/ENTR701510_m.jsp?APLY_EFNC_MENU_ID=E0002020000&SCRE_ID=ENTR701510_m&MENU_DIV=GNB,200
https://kiup.ibk.co.kr/uib/jsp/guest/ntr/ntr70/ntr7015/ENTR701510_m.jsp?APLY_EFNC_MENU_ID=E0002020000&SCRE_ID=ENTR701510_m&MENU_DIV=GNB,200
https://kiup.ibk.co.kr/uib/jsp/guest/ntr/ntr70/ntr7015/ENTR701510_m.jsp?APLY_EFNC_MENU_ID=E0002020000&SCRE_ID=ENTR701510_m&MENU_DIV=GNB,200
https://kiup.ibk.co.kr/uib/jsp/guest/ntr/ntr70/ntr7015/ENTR701510_m.jsp?APLY_EFNC_MENU_ID=E0002020000&SCRE_ID=ENTR701510_m&MENU_DIV=GNB,200
https://kiup.ibk.co.kr/uib/jsp/guest/ntr/ntr70/ntr7015/ENTR701510_m.jsp?APLY_EFNC_MENU_ID=E0002020000&SCRE_ID=ENTR701510_m&MENU_DIV=GNB,200
https://banking.kdb.co.kr/bp/BMDEEP07N00.act?_WSLOG_MNU_ID=IBFMFM0022,200
https://card.kbcard.com/CXPRICAC0053.cms,200
https://www.hanacard.co.kr/OPI31000000D.web?schID=pcd&mID=OPI31000005P&CT_ID=241704030444279,200
https://www.hanacard.co.kr/OPI31000000D.web?schID=pcd&mID=OPI31000005P&CT_ID=241704030444153,200
https://www.hanacard.co.kr/OPI31000000D.web?schID=pcd&mID=OPI31000000P&CT_ID=241901310209981,200
https://spot.wooribank.com/pot/Dream?withyou=PODEP0024,200
https://m.wooricard.com/dcmw/yh1/crd/crd02/M1CRD202S00.do?ctgrCd=S110008&hiPrdCtgrCd=M120007,200
https://www.shinhancard.com/pconts/html/card/credit/MOBFM281/MOBFM281R05.html,200
https://www.shinhancard.com/pconts/html/main.html,200
https://www.shinhancard.com/pconts/html/card/credit/MOBFM286/MOBFM286R07.html,200
https://www.hyundaicard.com/cpc/ma/CPCMA0101_01.hc,200
https://card.kbcard.com/CXPRICAC0050.cms,200
https://www.oksavingsbank.com/#/gdsLonCrdaList?menuCd=00170,200
https://card.kbcard.com/CXPRICAC0059.cms,200
https://www.shinhancard.com/pconts/html/main.html,200
https://www.shinhancard.com/pconts/html/card/check/MOBFM282R02.html,200
https://www.shinhancard.com/pconts/html/card/credit/MOBFM281/MOBFM281R07.html,200
https://www.shinhancard.com/pconts/html/card/credit/MOBFM281/MOBFM281R01.html,200
https://www.shinhancard.com/pconts/html/card/credit/MOBFM286/MOBFM286R06.html,200
https://www.shinhancard.com/pconts/html/card/credit/MOBFM286/MOBFM286R04.html,200
https://www.kjbank.com/ib20/mnu/FPMLOAN020100?INBN_GDS_NO=LON20201006002,200
https://www.suhyup-bank.com/ib20/mnu/FPD00053,200
https://banking.kdb.co.kr/bp/BMLDWP01N00.act?_WSLOG_MNU_ID=IBFMFM0032&_WSLOG_EDD_SRE_YN=Y#__init__,200
https://www.oksavingsbank.com/#/gdsDepsGthrList?menuCd=00366,200
https://banking.kdb.co.kr/bp/BMDEFD02N00.act?_WSLOG_MNU_ID=IBFMFM0016,200
https://www.shinhancard.com/pconts/html/card/credit/MOBFM286/MOBFM286R07.html,200
https://www.standardchartered.co.kr/np/kr/bs/ye/YieldEnhancementList.jsp?ptfrm=HIN.KOR.INTRO.mega.korBusA1_4,200
https://www.suhyup-bank.com/ib20/mnu/FPD00150,200
https://spot.wooribank.com/pot/Dream?withyou=ISBAC0093,200
https://www.standardchartered.co.kr/np/kr/pl/se/SavingList.jsp?ptfrm=HIN.KOR.INTRO.mega.korPerA1_1&id=list1,200
https://www.standardchartered.co.kr/np/kr/pl/se/SavingList.jsp?ptfrm=HIN.KOR.INTRO.mega.korPerA1_1&id=list1,200
https://www.shinhancard.com/pconts/html/card/credit/MOBFM281/MOBFM281R04.html,200
https://card.kbcard.com/CXPRICAC0076.cms?mainCC=a&cooperationcode=04587,200
https://obank.kbstar.com/quics?page=C021724,200
https://spot.wooribank.com/pot/Dream?withyou=ISBAC0095,200
https://www.kbanknow.com/ib20/mnu/FPMDPT010000,000
https://www.kbanknow.com/ib20/mnu/FPMDPT010000,000
https://www.kbanknow.com/ib20/mnu/FPMDPT010000,000
https://www.kbanknow.com/ib20/mnu/FPMDPT010000,000
https://www.kbsavings.com/websquare/websquare.jsp?w2xPath=/jsp/main.xml,200
https://www.pepperbank.kr/loan/product.do?sub_category=4,200
https://www.kjbank.com/ib20/mnu/FPMLOAN020100?INBN_GDS_NO=LON20101104001,200
https://www.kjbank.com/ib20/mnu/FPMLOAN020100?INBN_GDS_NO=LON20130603002,200
https://www.suhyup-bank.com/ib20/mnu/FPD00100,200
https://www.standardchartered.co.kr/np/kr/pl/se/SavingList.jsp?ptfrm=HIN.KOR.INTRO.mega.korPerA1_1&id=list1,200
https://www.standardchartered.co.kr/np/kr/pl/bw/LoanList.jsp?ptfrm=HIN.KOR.INTRO.mega.korPerC1_0&id=list3,200
https://www.shinhancard.com/pconts/html/card/check/MOBFM282R02.html,200
https://www.shinhancard.com/pconts/html/card/credit/MOBFM281/MOBFM281R10.html,200
https://www.hanaw.com/main/finance/bond/FP_080501_P1.cmd,200
https://card.kbcard.com/CXPRIFIC0093.cms,200
https://www.knbank.co.kr/ib20/mnu/FPMLON050106000,200
https://www.shinhancard.com/pconts/html/card/check/MOBFM282R05.html,200
https://biz.kbcard.com/CXERCCACD0007.cms?isAjax=Y&%25EC%25B9%25B4%25EB%2593%259C%25EC%2583%2581%25ED%2592%2588%25EB%25B6%2584%25EB%25A5%2598%25EC%25BD%2594%25EB%2593%259C%25EB%25B2%2588%25ED%2598%25B8=L0132&%25EC%25B9%25B4%25EB%2593%259C%25EC%2583%2581%25ED%2592%2588%25EB%25B6%2584%25EB%25A5%2598%25EC%25BD%2594%25EB%2593%259C%25EB%25B3%2584=N&mainCC=a,200
https://www.welcomebank.co.kr/ib20/mnu/IBNFPMCRD001,200
https://smartcard.nonghyup.com,200
https://card.kbcard.com/CXPRICAC0023.cms,200
https://www.welcomebank.co.kr/ib20/mnu/IBNFPMLOP002,200
https://www.knbank.co.kr/ib20/mnu/FPMLON050102000,200
https://www.hyundaicard.com/cpc/cr/CPCCR0621_11.hc?cardflag=J,200
https://kiup.ibk.co.kr/uib/jsp/guest/ntr/ntr70/ntr7015/ENTR701510_m.jsp?APLY_EFNC_MENU_ID=E0002020000&SCRE_ID=ENTR701510_m&MENU_DIV=GNB,200
https://kiup.ibk.co.kr/uib/jsp/guest/ntr/ntr70/ntr7015/ENTR701510_m.jsp?APLY_EFNC_MENU_ID=E0002020000&SCRE_ID=ENTR701510_m&MENU_DIV=GNB,200
https://www.standardchartered.co.kr/np/kr/bs/ye/YieldEnhancementList.jsp?ptfrm=HIN.KOR.INTRO.mega.korBusA1_4,200
https://www.hanacard.co.kr/OPFA2010000M.web?schID=pcd&mID=OPFA2010000M,200
https://open.standardchartered.co.kr/bc/SamSungCardInfoList?menuid=OBCS0100000000000,200
https://www.standardchartered.co.kr/np/kr/pl/bw/LoanList.jsp?ptfrm=HIN.KOR.INTRO.mega.korPerC1_0&id=list3,200
https://m.wooricard.com/dcmw/yh1/crd/crd02/M1CRD202S00.do?ctgrCd=M120012&hiPrdCtgrCd=M120012,200
https://card.kbcard.com/CXPRICAC0062.cms,200
https://www.hanacard.co.kr/OPI31000000D.web?schID=pcd&mID=OPI31000000P&CT_ID=241901310209981,200
https://www.hanacard.co.kr/OPI31000000D.web?schID=pcd&mID=OPI31000005P&CT_ID=241704030444153,200
https://www.welcomebank.co.kr/ib20/mnu/IBNFPMCRD001,200
https://www.welcomebank.co.kr/ib20/mnu/IBNFPMLOP004,200
https://www.hanacard.co.kr/OPFA2010000M.web?schID=pcd&mID=OPFA2010000M,200
https://www.shinhancard.com/pconts/html/card/check/MOBFM282R03.html,200
https://www.hanaw.com/main/finance/wrap/FP_060301_P.cmd,200
https://www.hanaw.com/main/finance/wrap/FP_060301_P.cmd,200
https://www.hanaw.com/main/finance/wrap/FP_060301_P.cmd,200
https://www.hanaw.com/main/finance/wrap/FP_060301_P.cmd,200
https://card.kbcard.com/CXPRICAC0120.cms,200
https://kiup.ibk.co.kr/uib/jsp/guest/ntr/ntr70/ntr7010/ENTR701025_m.jsp?APLY_EFNC_MENU_ID=E0001010400&SCRE_ID=ENTR701025_m&MENU_DIV=GNB,200
https://www.kbsavings.com/websquare/websquare.jsp?w2xPath=/jsp/main.xml,200
https://card.kbcard.com/CXPRICAC0052.cms,200
https://www.suhyup-bank.com/ib20/mnu/FPD00019,200
https://kiup.ibk.co.kr/uib/jsp/guest/ntr/ntr70/ntr7015/ENTR701510_m.jsp?APLY_EFNC_MENU_ID=E0002020000&SCRE_ID=ENTR701510_m&MENU_DIV=GNB,200
https://www.welcomebank.co.kr/ib20/mnu/IBNFPMDSP002,200
https://www.kebhana.com/cont/mall/mall08/mall0805/index.jsp?_menuNo=62608,200
https://smartcard.nonghyup.com,200
https://m.wooricard.com/dcmw/yh1/car/car04/M1CAR204S00.do,200
https://m.wooricard.com/dcmw/yh1/car/car05/M1CAR205S00.do,200
https://m.wooricard.com/dcmw/yh1/crd/crd02/M1CRD202S00.do?ctgrCd=S110006&hiPrdCtgrCd=M120006,200
https://m.wooricard.com/dcmw/yh1/crd/crd02/M1CRD202S00.do?ctgrCd=S110013&hiPrdCtgrCd=M120008,200
https://www.lottecard.co.kr/app/LPCDAEA_V100.lc?cate1=check&cate2=05001021&cate2Nm=%EC%9E%90%EB%8F%99%EC%B0%A8&crdOfrFc=02&typeGubun=cco&tabGubun=05001021,200
https://www.lottecard.co.kr/app/LPCDAEA_V100.lc?cate1=check&cate2=050010103&cate2Nm=%EB%B3%B5%EC%A7%80%2F%EA%B3%B5%EA%B3%B5&crdOfrFc=02&typeGubun=check&tabGubun=050010103,200
https://www.lottecard.co.kr/app/LPCDADA_V100.lc?cate1=cco&cate2=040010302&cate2Nm=%EC%97%AC%ED%96%89%2F%EA%B3%A8%ED%94%84&crdOfrFc=01&atrEno=CS81261&atrOge=20508&isMidnightYn=&typeGubun=cco&tabGubun=040010302,200
https://www.lottecard.co.kr/app/LPCDAEA_V100.lc?cate1=cco&cate2=05001023&cate2Nm=%EC%83%9D%ED%99%9C%2F%EB%AC%B8%ED%99%94&crdOfrFc=02&typeGubun=cco&tabGubun=05001023,200
https://www.lottecard.co.kr/app/LPCDADA_V100.lc?cate1=credit&cate2=040010103&cate2Nm=%EC%87%BC%ED%95%91&crdOfrFc=01&atrEno=CS81261&atrOge=20508&typeGubun=credit&tabGubun=040010103,200
https://www.lottecard.co.kr/app/LPCDADA_V100.lc?cate1=credit&cate2=040010101&cate1Nm=&cate2Nm=%EC%98%A8%EB%9D%BC%EC%9D%B8%EC%A0%84%EC%9A%A9&crdOfrFc=01&atrEno=CS81261&atrOge=20508&typeGubun=credit&tabGubun=040010101,200
https://www.lottecard.co.kr/app/LPCDADA_V100.lc?cate1=credit&cate2=040010105&cate2Nm=%EB%B3%B5%EC%A7%80%2F%EA%B3%B5%EA%B3%B5&crdOfrFc=01&atrEno=CS81261&atrOge=20508&typeGubun=credit&tabGubun=040010105,200
https://www.samsungcard.com/personal/card/partner/UHPPCA0203M0.jsp?click=gnb_apply_partnerca,200
https://obank.kbstar.com/quics?page=C029415,200
https://www.welcomebank.co.kr/ib20/mnu/IBNFPMLOP004,200
https://card.kbcard.com/CXPRICAC0076.cms?mainCC=a&cooperationcode=04587,200
https://mycompany.hyundaicard.com/cm/mn/CMMN1001.do?_method=m,200
https://mycompany.hyundaicard.com/cm/mn/CMMN1001.do?_method=m,200
https://www.kjbank.com/ib20/mnu/FPMFOEX020001,200
https://www.busanbank.co.kr/ib20/mnu/FPMNSR162007001,200
https://www.knbank.co.kr/ib20/mnu/FPMDPT020108000,200
https://www.knbank.co.kr/ib20/mnu/FPMDPT020108000,200
https://sbiz.wooribank.com/biz/Dream?withyou=BZDEP0009,200
https://www.knbank.co.kr/ib20/mnu/FPMLON050114000,200
https://www.knbank.co.kr/ib20/mnu/FPMLON050110000,200
https://www.knbank.co.kr/ib20/mnu/FPMLON050111000,200
https://www.kjbank.com/ib20/mnu/BHPCSCN040803,200
https://www.kjbank.com/ib20/mnu/BHPCSCN040803,200
https://spot.wooribank.com/pot/Dream?withyou=POLON0063,200
https://www.kebhana.com/cont/mall/mall08/mall0805/index.jsp?_menuNo=98786,200
https://www.kebhana.com/cont/mall/mall08/mall0805/index.jsp?_menuNo=62608,200
https://bank.shinhan.com/index.jsp#020105020000,200
https://obank.kbstar.com/quics?page=C021724,200
https://kiup.ibk.co.kr/uib/jsp/guest/ntr/ntr70/ntr7015/ENTR701510_m.jsp?APLY_EFNC_MENU_ID=E0002020000&SCRE_ID=ENTR701510_m&MENU_DIV=GNB,200
https://www.kbcapital.co.kr/prdt/comm/intoduce.kbc?murl=%2Fprdt%2Fcomm%2Fintoduce.kbc&mcode=WPRDT0101&mlevel=3&mupcode=WPRDT&prdtCd=PC004,200
https://mybank.ibk.co.kr/uib/jsp/guest/ntr/ntr70/ntr7010/PNTR701015_m.jsp?APLY_EFNC_MENU_ID=P0104030000&SCRE_ID=PNTR701015_m&MENU_DIV=GNB,200
https://mybank.ibk.co.kr/uib/jsp/guest/ntr/ntr70/ntr7010/PNTR701020_m.jsp?APLY_EFNC_MENU_ID=P0104040000&SCRE_ID=PNTR701020_m&MENU_DIV=GNB,200
https://m.wooricard.com/dcmw/yh1/crd/crd02/M1CRD202S00.do?ctgrCd=M120002&hiPrdCtgrCd=M120002,200
https://m.wooricard.com/dcmw/yh1/crd/crd02/M1CRD202S00.do?ctgrCd=M120004&hiPrdCtgrCd=M120004,200
https://www.suhyup-bank.com/ib20/mnu/FPD00120,200
https://www.lottecard.co.kr/app/LPCDADA_V100.lc?cate1=credit&cate2=040010102&cate2Nm=%EC%9E%90%EB%8F%99%EC%B0%A8&crdOfrFc=01&atrEno=CS81261&atrOge=20508&typeGubun=credit&tabGubun=040010102,200
https://www.lottecard.co.kr/app/LPCDAEA_V100.lc?cate1=cco&cate2=05001024&cate2Nm=%EB%B3%B5%EC%A7%80%2F%EA%B3%B5%EA%B3%B5&crdOfrFc=02&typeGubun=cco&tabGubun=05001024,200
https://corp.lottecard.co.kr/app/LCPRDDA_V400.lc,200
https://corp.lottecard.co.kr/app/LCPRDDA_V200.lc,200
https://corp.lottecard.co.kr/app/LCPRDDA_V100.lc,200
https://www.lottecard.co.kr/app/LPFINFA_V100.lc,200
https://www.lottecard.co.kr/app/LPFINFB_V100.lc,200
https://www.standardchartered.co.kr/np/kr/pl/se/SavingList.jsp?ptfrm=HIN.KOR.INTRO.mega.korPerA1_1&id=list1,200
https://www.shinhancard.com/pconts/html/card/check/MOBFM282R01.html,200
https://www.knbank.co.kr/ib20/mnu/FPMLON050114000,200
https://www.hyundaicard.com/cpc/cr/CPCCR0621_11.hc?cardflag=C#aTab_1,200
https://www.hyundaicard.com/cpc/cr/CPCCR0621_11.hc?cardflag=A#aTab_2,200
https://www.hyundaicard.com/cpc/cr/CPCCR0621_11.hc?cardflag=M,200
https://card.kbcard.com/CXPRIFIC0021.cms,200
https://www.e-jejubank.com/HomeFMDeposit.do?menuCd=348&gLnbMenuCd=348,200
https://card.kbcard.com/CXPRICAC0056.cms,200
https://card.kbcard.com/CXPRICAC0067.cms,200
https://card.kbcard.com/CXPRICAC0060.cms,200
https://card.kbcard.com/CXPRICAC0048.cms,200
https://card.kbcard.com/CXPRICAC0062.cms,200
https://card.kbcard.com/CXPRICAC0054.cms,200
https://www.knbank.co.kr/ib20/mnu/FPMINS070104011,200
https://www.knbank.co.kr/ib20/mnu/FPMINS070103008,200
https://www.knbank.co.kr/ib20/mnu/FPMINS070103001,200
https://www.knbank.co.kr/ib20/mnu/FPMINS070103006,200
https://www.knbank.co.kr/ib20/mnu/FPMLON050114000,200
https://obank.kbstar.com/quics?page=C016613&%EC%98%88%EA%B8%88%EC%A2%85%EB%A5%98=00025,200
https://www.knbank.co.kr/ib20/mnu/FPMDPT020102000,200
https://www.kbsec.com/go.able?linkcd=m01070003,410
https://www.miraeassetdaewoo.com/hks/hks4323/n06.do,000
https://www.hi-ib.com/,400
https://www.welcomebank.co.kr/ib20/mnu/IBNFPMDSP004,200
https://www.welcomebank.co.kr/ib20/mnu/IBNFPMDSP002,200
https://banking.kdb.co.kr/bp/BMIFMN00N00.act?_WSLOG_MNU_ID=IBFMFM0023,200
https://www.suhyup-bank.com/ib20/mnu/FPD00098,200
https://www.suhyup-bank.com/ib20/mnu/FPD00015,200
https://www.suhyup-bank.com/ib20/mnu/FPD00040,200
https://www.suhyup-bank.com/ib20/mnu/FPD00009,200
https://www.kebhana.com/cont/mall/mall08/mall0805/index.jsp?_menuNo=98786,200
https://m.wooricard.com/dcmw/yh1/crd/crd02/M1CRD202S00.do?ctgrCd=S110007&hiPrdCtgrCd=M120006,200
https://m.wooricard.com/dcmw/yh1/crd/crd02/M1CRD202S00.do?ctgrCd=S110006&hiPrdCtgrCd=M120006,200
https://card.kbcard.com/CXPRICAC0120.cms,200
https://www.oksavingsbank.com/#/gdsDepsMngmList?menuCd=00365,200
https://www.oksavingsbank.com/#/gdsLonCvrgList?menuCd=00309,200
https://www.busanbank.co.kr/ib20/mnu/FPMCRD124005001,200
https://m.wooricard.com/dcmw/yh1/crd/crd02/M1CRD202S00.do?ctgrCd=S110007&hiPrdCtgrCd=M120006,200
https://m.wooricard.com/dcmw/yh1/crd/crd02/M1CRD202S00.do?ctgrCd=S110006&hiPrdCtgrCd=M120006,200
https://www.kebhana.com/cont/mall/mall14/mall1402/index.jsp,200
https://www.standardchartered.co.kr/np/kr/pl/se/SavingList.jsp?ptfrm=HIN.KOR.INTRO.mega.korPerA1_1&id=list1,200
https://www.hyundaicard.com/cpc/ma/CPCMA0101_01.hc,200
https://m.wooricard.com/dcmw/yh1/crd/crd02/M1CRD202S00.do?ctgrCd=S110005&hiPrdCtgrCd=M120006,200
https://m.wooricard.com/dcmw/yh1/crd/crd02/M1CRD202S00.do?ctgrCd=S110001&hiPrdCtgrCd=M120006,200
https://m.wooricard.com/dcmw/yh1/crd/crd02/M1CRD202S00.do?ctgrCd=S110003&hiPrdCtgrCd=M120006,200
https://m.wooricard.com/dcmw/yh1/crd/crd02/M1CRD202S00.do?ctgrCd=M120005&hiPrdCtgrCd=M120005,200
https://m.wooricard.com/dcmw/yh1/crd/crd02/M1CRD202S00.do?ctgrCd=S110002&hiPrdCtgrCd=M120006,200
https://m.wooricard.com/dcmw/yh1/crd/crd02/M1CRD202S00.do?ctgrCd=M120004&hiPrdCtgrCd=M120004,200
https://www.bccard.com/app/card/CreditCardMain.do,200
https://www.ibk.co.kr/common/navigation.ibk?linkUrl=/financetech/efinance/coop/emoden_1.jsp&pageId=CA01080200,200
https://www.busanbank.co.kr/ib20/mnu/FPMLON092009001,200
https://kiup.ibk.co.kr/uib/jsp/guest/ntr/ntr70/ntr7015/ENTR701510_m.jsp?APLY_EFNC_MENU_ID=E0002020000&SCRE_ID=ENTR701510_m&MENU_DIV=GNB,200
https://open.standardchartered.co.kr/bc/SamSungCardInfoList?menuid=OBCS0100000000000,200
https://open.standardchartered.co.kr/bc/SamSungCardInfoList?menuid=OBCS0100000000000,200
https://kiup.ibk.co.kr/uib/jsp/guest/ntr/ntr70/ntr7015/ENTR701510_m.jsp?APLY_EFNC_MENU_ID=E0002020000&SCRE_ID=ENTR701510_m&MENU_DIV=GNB,200
https://smartcard.nonghyup.com,200
https://www.kbsavings.com/websquare/websquare.jsp?w2xPath=/jsp/main.xml,200
https://biz.kbcard.com/CXERCCACD0007.cms?isAjax=Y&%25EC%25B9%25B4%25EB%2593%259C%25EC%2583%2581%25ED%2592%2588%25EB%25B6%2584%25EB%25A5%2598%25EC%25BD%2594%25EB%2593%259C%25EB%25B2%2588%25ED%2598%25B8=L0132&%25EC%25B9%25B4%25EB%2593%259C%25EC%2583%2581%25ED%2592%2588%25EB%25B6%2584%25EB%25A5%2598%25EC%25BD%2594%25EB%2593%259C%25EB%25B3%2584=N&mainCC=a,200
https://www.shinhancard.com/pconts/html/card/check/MOBFM282R05.html,200
https://www.shinhancard.com/pconts/html/card/credit/MOBFM286/MOBFM286R04.html,200
https://www.shinhancard.com/pconts/html/card/credit/MOBFM286/MOBFM286R01.html,200
https://www.shinhancard.com/pconts/html/card/credit/MOBFM286/MOBFM286R06.html,200
https://www.shinhancard.com/pconts/html/card/credit/MOBFM281/MOBFM281R02.html,200
https://www.shinhancard.com/pconts/html/card/check/MOBFM282R07.html,200
https://www.shinhancard.com/pconts/html/card/premium/MOBFM278R02.html,200
https://www.hmsec.com/goMenu.do?scr_menu_id=PD0502,200
https://kiup.ibk.co.kr/uib/jsp/guest/ntr/ntr70/ntr7015/ENTR701510_m.jsp?APLY_EFNC_MENU_ID=E0002020000&SCRE_ID=ENTR701510_m&MENU_DIV=GNB,200
https://kiup.ibk.co.kr/uib/jsp/guest/ntr/ntr70/ntr7015/ENTR701510_m.jsp?APLY_EFNC_MENU_ID=E0002020000&SCRE_ID=ENTR701510_m&MENU_DIV=GNB,200
https://kiup.ibk.co.kr/uib/jsp/guest/ntr/ntr70/ntr7015/ENTR701510_m.jsp?APLY_EFNC_MENU_ID=E0002020000&SCRE_ID=ENTR701510_m&MENU_DIV=GNB,200
https://www.kakaobank.com/products/savings,200
https://www.hanacard.co.kr/OCI01001000D.web?schID=ccd&mID=OCI01001000D&CT_ID=302002280310768,200
https://www.hanacard.co.kr/OCI01001000D.web?schID=ccd&mID=OCI01001000D&CT_ID=302002070358348,200
https://www.hanacard.co.kr/OPI31000000D.web?schID=pcd&mID=OPI31000005P&CT_ID=241704030444279,200
https://www.samsungcard.com/personal/card/hipass/UHPPCA0221M0.jsp?click=gnb_apply_hipass,200
https://obank.kbstar.com/quics?page=C016613&%EC%98%88%EA%B8%88%EC%A2%85%EB%A5%98=00169&%EC%83%81%ED%92%88%EC%9C%A0%ED%98%95%EC%BD%94%EB%93%9C=00029,200
https://biz.kbcard.com/CXERCCACD0009.cms,200
https://biz.kbcard.com/CXERCCACD0007.cms,200
https://www.hanacard.co.kr/OPI31000000D.web?schID=pcd&mID=OPI31000005P&CT_ID=241704050328506,200
https://www.hanacard.co.kr/OPI31000000D.web?schID=pcd&mID=OPI31000005P&CT_ID=241704050610488,200
https://www.hanacard.co.kr/OPI31000000D.web?schID=pcd&mID=OPI31000005P&CT_ID=241704030444279,200
https://www.hanacard.co.kr/OPI31000000D.web?schID=pcd&mID=OPI31000005P&CT_ID=241704050328506,200
https://www.hanacard.co.kr/OPI31000000D.web?schID=pcd&mID=OPI31000005P&CT_ID=241704030444279,200
https://www.hanacard.co.kr/OPI31000000D.web?schID=pcd&mID=OPI31000005P&CT_ID=241704030444279,200
https://www.hanacard.co.kr/OPI31000000D.web?schID=pcd&mID=OPI31000005P&CT_ID=241704030444153,200
https://www.hanacard.co.kr/OPI31000000D.web?schID=pcd&mID=OPI31000005P&CT_ID=241704030444279,200
https://www.hanacard.co.kr/OPY30000000M.web?schID=pcd&mID=OPY30000000M,200
https://www.hanacard.co.kr/OPI31000000D.web?schID=pcd&mID=OPI31000005P&CT_ID=241704030444279,200
https://www.hanacard.co.kr/OPI31000000D.web?schID=pcd&mID=OPI31000005P&CT_ID=241704030444153,200
https://card.kbcard.com/CXPRIFICD0022.cms,200
https://card.kbcard.com/CXPRIFIC0093.cms,200
https://www.shinhansavings.com/lonprd_0001A_05.act,200
https://www.kbsavings.com/websquare/websquare.jsp?w2xPath=/jsp/main.xml,200
https://www.kbsavings.com/websquare/websquare.jsp?w2xPath=/jsp/main.xml,200
https://www.kbsavings.com/websquare/websquare.jsp?w2xPath=/jsp/loanItemInfo/loanItemInfoMain.xml,200
https://www.kbsavings.com/websquare/websquare.jsp?w2xPath=/jsp/main.xml,200
https://biz.kebhana.com/product/index.do?menuItemId=soc_213,200
https://obiz.kbstar.com/quics?page=C016144&%EC%98%88%EA%B8%88%EC%A2%85%EB%A5%98=00032,200
https://www.suhyup-bank.com/ib20/mnu/FPD00012,200
https://www.suhyup-bank.com/ib20/mnu/FPD00010,200
https://www.suhyup-bank.com/ib20/mnu/FPD00009,200
https://www.suhyup-bank.com/ib20/mnu/FPD00007,200
https://www.suhyup-bank.com/ib20/mnu/FPD00008,200
https://www.kebhana.com/cont/mall/mall08/mall0805/index.jsp?_menuNo=98786,200
https://www.ibk.co.kr/common/navigation.ibk?linkUrl=/mall/loan/v1_loan_guide_01_01.jsp&pageId=FM02010600&APLY_EFNC_MENU_ID=E0002040000&SCRE_ID=ENTR701520_m&MENU_DIV=GNB,200
https://www.ibk.co.kr/common/navigation.ibk?linkUrl=/financetech/efinance/coop/emoden_1.jsp&pageId=CA01080200,200
https://m.wooricard.com/dcmw/yh1/car/car03/M1CAR203S01.do,200
https://www.bccard.com/app/card/CreditCardMain.do,200
https://www.lottecard.co.kr/app/LPMAIAA_V100.lc?LPTKN=,200
https://www.shinhancard.com/pconts/html/card/prepayCard/MOBFM230/R02/MOBFM230R02.html,200
https://www.shinhancard.com/pconts/html/card/prepayCard/MOBFM230/R01/MOBFM230R01.html,200
https://www.shinhancard.com/pconts/html/card/credit/MOBFM286/MOBFM286R03.html,200
https://www.shinhancard.com/pconts/html/card/premium/MOBFM278R04.html,200
https://www.shinhancard.com/pconts/html/card/check/MOBFM282R06.html,200
https://www.shinhancard.com/pconts/html/finance/main/main.html,200
https://www.shinhancard.com/pconts/html/card/check/MOBFM282R04.html,200
https://www.shinhancard.com/pconts/html/card/credit/MOBFM281/MOBFM281R06.html,200
https://www.shinhancard.com/pconts/html/card/premium/MOBFM278R04.html,200
https://www.hyundaicard.com/cpf/sl/CPFSL0101_01.hc,200
https://www.knbank.co.kr/ib20/mnu/FPMLON050107000,200
https://www.samsungcard.com/personal/lease/facilities/rental/UHPPLE0201M0.jsp?click=gnb_apply_lease_rent,200
https://www.samsungcard.com/personal/lease/factoring/UHPPLE0501M0.jsp?click=gnb_apply_lease_factoring,200
https://www.samsungcard.com/personal/lease/facilities/lease/UHPPLE0101M0.jsp?click=gnb_apply_lease_facil,200
https://card.kbcard.com/CXPRIFIC0099.cms,200
https://card.kbcard.com/CXPRIFIC0096.cms,200
https://card.kbcard.com/CXPRICAC0047.cms,200
https://card.kbcard.com/CXPRICAC0057.cms,200
https://obank.kbstar.com/quics?page=C016613&%EC%98%88%EA%B8%88%EC%A2%85%EB%A5%98=00025,200
https://www.daishin.com/g.ds?m=1002&p=919&v=599,200
https://www.myasset.com/myasset/static/mall/wcma/MA_0501002_T1.jsp,200
https://kiup.ibk.co.kr/uib/jsp/guest/ntr/ntr70/ntr7015/ENTR701510_m.jsp?APLY_EFNC_MENU_ID=E0002020000&SCRE_ID=ENTR701510_m&MENU_DIV=GNB,200
https://www.acuonsb.co.kr/sv_lnt0010100.act,200
https://www.pepperbank.kr/loan/product.do?sub_category=9,200
https://banking.kdb.co.kr/bp/BMDEOD04N00.act?_WSLOG_MNU_ID=IBFMFM0018,200
https://banking.kdb.co.kr/bp/BMDERD03N00.act?_WSLOG_MNU_ID=IBFMFM0017,200
https://banking.kdb.co.kr/bp/BMDEFD02N00.act?_WSLOG_MNU_ID=IBFMFM0016,200
https://banking.kdb.co.kr/bp/BMDESP05N00.act?_WSLOG_MNU_ID=IBFMFM0020,200
https://sb.koreainvestment.com/ib20/mnu/hom00063,200
https://www.samsungcard.com/personal/payment/revolving/UHPPPA0401M0.jsp?click=gnb_apply_pay_revolv,200
https://www.samsungcard.com/personal/card/biz-card/UHPPCA0204M0.jsp?click=gnb_apply_bizca,200
https://kiup.ibk.co.kr/uib/jsp/guest/ntr/ntr70/ntr7015/ENTR701510_m.jsp?APLY_EFNC_MENU_ID=E0002020000&SCRE_ID=ENTR701510_m&MENU_DIV=GNB,200
https://kiup.ibk.co.kr/uib/jsp/guest/ntr/ntr70/ntr7015/ENTR701510_m.jsp?APLY_EFNC_MENU_ID=E0002020000&SCRE_ID=ENTR701510_m&MENU_DIV=GNB,200
https://m.wooricard.com/dcmw/yh1/crd/crd02/M1CRD202S00.do?ctgrCd=S110008&hiPrdCtgrCd=M120007,200
https://m.wooricard.com/dcmw/yh1/crd/crd02/M1CRD202S00.do?ctgrCd=S110011&hiPrdCtgrCd=M120007,200
https://m.wooricard.com/dcmw/yh1/crd/crd02/M1CRD202S00.do?ctgrCd=M120002&hiPrdCtgrCd=M120002,200
https://smartcard.nonghyup.com,200
https://biz.kbcard.com/CXERCCACD0007.cms?isAjax=Y&%25EC%25B9%25B4%25EB%2593%259C%25EC%2583%2581%25ED%2592%2588%25EB%25B6%2584%25EB%25A5%2598%25EC%25BD%2594%25EB%2593%259C%25EB%25B2%2588%25ED%2598%25B8=L0129&%25EC%25B9%25B4%25EB%2593%259C%25EC%2583%2581%25ED%2592%2588%25EB%25B6%2584%25EB%25A5%2598%25EC%25BD%2594%25EB%2593%259C%25EB%25B3%2584=N&mainCC=a,200
https://www.bccard.com/app/card/CheckCardMain.do,200
https://www.bccard.com/app/card/CheckCardMain.do,200
https://www.bccard.com/app/card/CheckCardMain.do,200
https://www.bccard.com/app/card/CheckCardMain.do,200
https://www.bccard.com/app/card/CreditCardMain.do,200
https://card.kbcard.com/CXPRICAC0007.cms,200
https://www.standardchartered.co.kr/np/kr/bs/ye/YieldEnhancementList.jsp?ptfrm=HIN.KOR.INTRO.mega.korBusA1_4,200
https://www.standardchartered.co.kr/np/kr/bs/ye/YieldEnhancementList.jsp?ptfrm=HIN.KOR.INTRO.mega.korBusA1_4,200
https://www.shinhancard.com/pconts/html/card/check/MOBFM282R04.html,200
https://card.kbcard.com/CXPRICAC0051.cms,200
https://kiup.ibk.co.kr/uib/jsp/guest/ntr/ntr70/ntr7015/ENTR701510_m.jsp?APLY_EFNC_MENU_ID=E0002020000&SCRE_ID=ENTR701510_m&MENU_DIV=GNB,200
https://kiup.ibk.co.kr/uib/jsp/guest/ntr/ntr70/ntr7015/ENTR701510_m.jsp?APLY_EFNC_MENU_ID=E0002020000&SCRE_ID=ENTR701510_m&MENU_DIV=GNB,200
https://kiup.ibk.co.kr/uib/jsp/guest/ntr/ntr70/ntr7015/ENTR701510_m.jsp?APLY_EFNC_MENU_ID=E0002020000&SCRE_ID=ENTR701510_m&MENU_DIV=GNB,200
https://kiup.ibk.co.kr/uib/jsp/guest/ntr/ntr70/ntr7015/ENTR701510_m.jsp?APLY_EFNC_MENU_ID=E0002020000&SCRE_ID=ENTR701510_m&MENU_DIV=GNB,200
https://kiup.ibk.co.kr/uib/jsp/guest/ntr/ntr70/ntr7015/ENTR701510_m.jsp?APLY_EFNC_MENU_ID=E0002020000&SCRE_ID=ENTR701510_m&MENU_DIV=GNB,200
https://kiup.ibk.co.kr/uib/jsp/guest/ntr/ntr70/ntr7015/ENTR701510_m.jsp?APLY_EFNC_MENU_ID=E0002020000&SCRE_ID=ENTR701510_m&MENU_DIV=GNB,200
https://kiup.ibk.co.kr/uib/jsp/guest/ntr/ntr70/ntr7015/ENTR701510_m.jsp?APLY_EFNC_MENU_ID=E0002020000&SCRE_ID=ENTR701510_m&MENU_DIV=GNB,200
https://kiup.ibk.co.kr/uib/jsp/guest/ntr/ntr70/ntr7015/ENTR701510_m.jsp?APLY_EFNC_MENU_ID=E0002020000&SCRE_ID=ENTR701510_m&MENU_DIV=GNB,200
https://kiup.ibk.co.kr/uib/jsp/guest/ntr/ntr70/ntr7015/ENTR701510_m.jsp?APLY_EFNC_MENU_ID=E0002020000&SCRE_ID=ENTR701510_m&MENU_DIV=GNB,200
https://biz.kbcard.com/CXERCCACD0007.cms?isAjax=Y&%25EC%25B9%25B4%25EB%2593%259C%25EC%2583%2581%25ED%2592%2588%25EB%25B6%2584%25EB%25A5%2598%25EC%25BD%2594%25EB%2593%259C%25EB%25B2%2588%25ED%2598%25B8=L0132&%25EC%25B9%25B4%25EB%2593%259C%25EC%2583%2581%25ED%2592%2588%25EB%25B6%2584%25EB%25A5%2598%25EC%25BD%2594%25EB%2593%259C%25EB%25B3%2584=N&mainCC=a,200
https://card.kbcard.com/CXPRICAC0054.cms,200
https://www.suhyup-bank.com/ib20/mnu/FPD00136,200
https://www.suhyup-bank.com/ib20/mnu/FPD00013,200
https://www.jbbank.co.kr/jsp/prd/NFF_CRCD_ALNC.act,200
https://kiup.ibk.co.kr/uib/jsp/guest/ntr/ntr70/ntr7015/ENTR701510_m.jsp?APLY_EFNC_MENU_ID=E0002020000&SCRE_ID=ENTR701510_m&MENU_DIV=GNB,200
https://www.oksavingsbank.com/#/gdsLonAutoList?menuCd=00175,200
https://www.busanbank.co.kr/ib20/mnu/FPMDPO012002001,200
https://www.bccard.com/app/card/CheckCardMain.do,200
https://www.jbbank.co.kr/jsp/prd/NFF_LOAN_MRTG.act,200
https://www.jbbank.co.kr/jsp/prd/NFF_LOAN_COMP.act,200
https://www.shinhancard.com/pconts/html/card/prepayCard/MOBFM230/R01/MOBFM230R01.html,200
https://kiup.ibk.co.kr/uib/jsp/guest/ntr/ntr70/ntr7015/ENTR701510_m.jsp?APLY_EFNC_MENU_ID=E0002020000&SCRE_ID=ENTR701510_m&MENU_DIV=GNB,200
https://kiup.ibk.co.kr/uib/jsp/guest/ntr/ntr70/ntr7015/ENTR701510_m.jsp?APLY_EFNC_MENU_ID=E0002020000&SCRE_ID=ENTR701510_m&MENU_DIV=GNB,200
https://kiup.ibk.co.kr/uib/jsp/guest/ntr/ntr70/ntr7015/ENTR701510_m.jsp?APLY_EFNC_MENU_ID=E0002020000&SCRE_ID=ENTR701510_m&MENU_DIV=GNB,200
https://kiup.ibk.co.kr/uib/jsp/guest/ntr/ntr70/ntr7015/ENTR701510_m.jsp?APLY_EFNC_MENU_ID=E0002020000&SCRE_ID=ENTR701510_m&MENU_DIV=GNB,200
https://kiup.ibk.co.kr/uib/jsp/guest/ntr/ntr70/ntr7015/ENTR701510_m.jsp?APLY_EFNC_MENU_ID=E0002020000&SCRE_ID=ENTR701510_m&MENU_DIV=GNB,200
https://kiup.ibk.co.kr/uib/jsp/guest/ntr/ntr70/ntr7015/ENTR701510_m.jsp?APLY_EFNC_MENU_ID=E0002020000&SCRE_ID=ENTR701510_m&MENU_DIV=GNB,200
https://kiup.ibk.co.kr/uib/jsp/guest/ntr/ntr70/ntr7015/ENTR701510_m.jsp?APLY_EFNC_MENU_ID=E0002020000&SCRE_ID=ENTR701510_m&MENU_DIV=GNB,200
https://kiup.ibk.co.kr/uib/jsp/guest/ntr/ntr70/ntr7015/ENTR701510_m.jsp?APLY_EFNC_MENU_ID=E0002020000&SCRE_ID=ENTR701510_m&MENU_DIV=GNB,200
https://kiup.ibk.co.kr/uib/jsp/guest/ntr/ntr70/ntr7015/ENTR701510_m.jsp?APLY_EFNC_MENU_ID=E0002020000&SCRE_ID=ENTR701510_m&MENU_DIV=GNB,200
https://kiup.ibk.co.kr/uib/jsp/guest/ntr/ntr70/ntr7015/ENTR701510_m.jsp?APLY_EFNC_MENU_ID=E0002020000&SCRE_ID=ENTR701510_m&MENU_DIV=GNB,200
https://kiup.ibk.co.kr/uib/jsp/guest/ntr/ntr70/ntr7015/ENTR701510_m.jsp?APLY_EFNC_MENU_ID=E0002020000&SCRE_ID=ENTR701510_m&MENU_DIV=GNB,200
https://kiup.ibk.co.kr/uib/jsp/guest/ntr/ntr70/ntr7015/ENTR701510_m.jsp?APLY_EFNC_MENU_ID=E0002020000&SCRE_ID=ENTR701510_m&MENU_DIV=GNB,200
https://kiup.ibk.co.kr/uib/jsp/guest/ntr/ntr70/ntr7015/ENTR701510_m.jsp?APLY_EFNC_MENU_ID=E0002020000&SCRE_ID=ENTR701510_m&MENU_DIV=GNB,200
https://kiup.ibk.co.kr/uib/jsp/guest/ntr/ntr70/ntr7015/ENTR701510_m.jsp?APLY_EFNC_MENU_ID=E0002020000&SCRE_ID=ENTR701510_m&MENU_DIV=GNB,200
https://kiup.ibk.co.kr/uib/jsp/guest/ntr/ntr70/ntr7015/ENTR701510_m.jsp?APLY_EFNC_MENU_ID=E0002020000&SCRE_ID=ENTR701510_m&MENU_DIV=GNB,200
https://kiup.ibk.co.kr/uib/jsp/guest/ntr/ntr70/ntr7015/ENTR701510_m.jsp?APLY_EFNC_MENU_ID=E0002020000&SCRE_ID=ENTR701510_m&MENU_DIV=GNB,200
https://kiup.ibk.co.kr/uib/jsp/guest/ntr/ntr70/ntr7015/ENTR701510_m.jsp?APLY_EFNC_MENU_ID=E0002020000&SCRE_ID=ENTR701510_m&MENU_DIV=GNB,200
https://bank.shinhan.com/index.jsp#020700000000,200
https://biz.kbcard.com/CXERCCACD0007.cms?isAjax=Y&%25EC%25B9%25B4%25EB%2593%259C%25EC%2583%2581%25ED%2592%2588%25EB%25B6%2584%25EB%25A5%2598%25EC%25BD%2594%25EB%2593%259C%25EB%25B2%2588%25ED%2598%25B8=L0130&%25EC%25B9%25B4%25EB%2593%259C%25EC%2583%2581%25ED%2592%2588%25EB%25B6%2584%25EB%25A5%2598%25EC%25BD%2594%25EB%2593%259C%25EB%25B3%2584=N&mainCC=a,200
https://smartcard.nonghyup.com,200
https://www.knbank.co.kr/ib20/mnu/FPMLON050110000,200
https://card.kbcard.com/CXPRICAC0053.cms,200
https://kiup.ibk.co.kr/uib/jsp/guest/ntr/ntr70/ntr7015/ENTR701510_m.jsp?APLY_EFNC_MENU_ID=E0002020000&SCRE_ID=ENTR701510_m&MENU_DIV=GNB,200
https://open.standardchartered.co.kr/bc/CardInfoListNonProd?menuid=OBC01050000000000,200
https://www.busanbank.co.kr/ib20/mnu/FPMCRD124005001,200
https://open.standardchartered.co.kr/bc/CardInfoList?menuid=OBC01010700000000,200
https://open.standardchartered.co.kr/bc/CardInfoList?menuid=OBC01011000000000,200
https://smartcard.nonghyup.com,200
https://www.bccard.com/app/card/CheckCardMain.do,200
https://www.bccard.com/app/card/CheckCardMain.do,200
https://www.bccard.com/app/card/CheckCardMain.do,200
https://www.bccard.com/app/card/CreditCardMain.do,200
https://www.busanbank.co.kr/ib20/mnu/FPMGLD001001001,200
https://www.bccard.com/app/card/CheckCardMain.do,200
https://www.bccard.com/app/card/CheckCardMain.do,200
https://www.lottecard.co.kr/app/LPFINFC_V100.lc,200
https://www.standardchartered.co.kr/np/kr/pl/se/SavingList.jsp?ptfrm=HIN.KOR.INTRO.mega.korPerA1_1&id=list1,200
https://spot.wooribank.com/pot/Dream?withyou=PODEP0024,200
https://open.standardchartered.co.kr/bc/CardInfoList?menuid=OBC01010600000000,200
https://www.bccard.com/app/card/CheckCardMain.do,200
https://www.shinhancard.com/pconts/html/card/credit/MOBFM286/MOBFM286R06.html,200
https://www.standardchartered.co.kr/np/kr/pl/se/SavingList.jsp?ptfrm=HIN.KOR.INTRO.mega.korPerA1_1&id=list1,200
https://www.hanacard.co.kr/OCI01001000D.web?schID=ccd&mID=OCI01001000D&CT_ID=302002070358289,200
https://smartcard.nonghyup.com,200
https://ibz.nonghyup.com/servlet/ICBC0430R.view,200
https://www.hanacard.co.kr/OPI31000000D.web?schID=pcd&mID=OPI31000005P&CT_ID=241704030444279,200
https://www.hanacard.co.kr/OPI31000000D.web?schID=pcd&mID=OPI31000005P&CT_ID=241704030444279,200
https://www.busanbank.co.kr/ib20/mnu/FPMLON092007001,200
https://www.hanacard.co.kr/OPF15050000N.web?schID=pcd&mID=OPF15050000N,200
https://www.pepperbank.kr/loan/product.do?sub_category=32,200
https://www.knbank.co.kr/ib20/mnu/FPMLON050107000,200
https://www.knbank.co.kr/ib20/mnu/BHP000000000002?ib20_redirect_org_mnu=ECB000000000001,200
https://www.kbsavings.com/websquare/websquare.jsp?w2xPath=/jsp/main.xml,200
https://open.standardchartered.co.kr/bc/CardInfoList?menuid=OBC01010300000000,200
https://www.pepperbank.kr/loan/product.do?sub_category=32,200
https://www.hanacard.co.kr/OPI31000000D.web?schID=pcd&mID=OPI31000005P&CT_ID=241704050328506,200
https://www.hanacard.co.kr/OPI31000000D.web?schID=pcd&mID=OPI31000005P&CT_ID=241704050328506,200
https://obank.kbstar.com/quics?page=C039209,200
https://smartcard.nonghyup.com,200
https://www.hanacard.co.kr/OPF05000000M.web?schID=pcd&mID=OPF05000000M,200
https://www.hanacard.co.kr/OPI31000000D.web?schID=pcd&mID=OPI31000005P&CT_ID=241704050610488,200
https://www.hanacard.co.kr/OPI31000000D.web?schID=pcd&mID=OPI31000005P&CT_ID=241704030444279,200
https://www.hanacard.co.kr/OPI31000000D.web?schID=pcd&mID=OPI31000005P&CT_ID=241704030444279,200
https://www.hanacard.co.kr/OPI31000000D.web?schID=pcd&mID=OPI31000005P&CT_ID=241704030444279,200
https://www.kbsavings.com/websquare/websquare.jsp?w2xPath=/jsp/main.xml,200
https://www.knbank.co.kr/ib20/mnu/FPMCRD060103000,200
https://www.hanacard.co.kr/OCI01001000D.web?schID=ccd&mID=OCI01001000D&CT_ID=302002070358289,200
https://www.hanacard.co.kr/OPF15050000N.web?schID=pcd&mID=OPF15050000N,200
https://www.hanacard.co.kr/OPY30000000M.web?schID=pcd&mID=OPY30000000M,200
https://www.hanacard.co.kr/OPF10000000M.web?schID=pcd&mID=OPF10000000M,200
https://www.hanacard.co.kr/OPI31000000D.web?schID=pcd&mID=OPI31000005P&CT_ID=241704030444279,200
https://www.busanbank.co.kr/ib20/mnu/FPMDPO012006001,200
https://www.busanbank.co.kr/ib20/mnu/FPMNSR162008001,200
https://www.busanbank.co.kr/ib20/mnu/FPMNSR162008001,200
https://www.busanbank.co.kr/ib20/mnu/FPMNSR162008001,200
https://www.jbbank.co.kr/jsp/prd/GDS_GDNC_GFCR_01.act,200
https://www.jbbank.co.kr/jsp/prd/GDS_GDNC_GFCR_01.act,200
https://www.jbbank.co.kr/jsp/prd/GDS_GDNC_GFCR_01.act,200
https://www.jbbank.co.kr/jsp/prd/NFF_CRCD_CHCR.act,200
https://www.jbbank.co.kr/jsp/prd/NFF_CRCD_CHCR.act,200
https://bank.shinhan.com/index.jsp#020105050000,200
https://bank.shinhan.com/index.jsp#020105070000,200
https://bank.shinhan.com/index.jsp#020304090000,200
https://banking.kdb.co.kr/bp/BMLDWP01N00.act?_WSLOG_MNU_ID=IBFMFM0032,200
https://banking.kdb.co.kr/bp/BMCAWP01N00.act?_WSLOG_MNU_ID=IBFMFM0033,200
https://banking.kdb.co.kr/bp/BMMNMN00N00.act?_WSLOG_MNU_ID=IBFMFM0001,200
https://www.e-jejubank.com/HomeCorporation.do?menuCd=556&scrType=List&currPage=1&selectRow=1&srchSeqNo=0&gLnbMenuCd=556,200
https://www.e-jejubank.com/HomeFMDeposit.do?menuCd=1008&gLnbMenuCd=1008,200
https://www.e-jejubank.com/JeJuBankInfo.do?menuCd=450&gLnbMenuCd=450,200
https://www.e-jejubank.com/HomePartnership.do?menuCd=554&gLnbMenuCd=554&scrType=List&currPage=1,200
https://smartcard.nonghyup.com,200
https://smartcard.nonghyup.com,200
https://www.busanbank.co.kr/ib20/mnu/FPMLON092002001,200
https://www.busanbank.co.kr/ib20/mnu/FPMDPO012002001,200
https://www.busanbank.co.kr/ib20/mnu/FPMDPO012003001,200
https://www.busanbank.co.kr/ib20/mnu/FPMNSR162003001,200
https://www.busanbank.co.kr/ib20/mnu/FPMGLD001001001,200
https://www.busanbank.co.kr/ib20/mnu/FPMLON092006001,200
https://www.busanbank.co.kr/ib20/mnu/FPMLON092008001,200
https://www.busanbank.co.kr/ib20/mnu/FPMDPO012006001,200
https://www.busanbank.co.kr/ib20/mnu/FPMNSR162008001,200
https://www.jbbank.co.kr/jsp/prd/NFF_CRCD_ALNC.act,200
https://smartmarket.nonghyup.com/content/html/sf/cn/sfgateway.html?refbnk=1&SERVICE_ID=SFSL0023R&NAVIGATE_TYPE=1&SF_NAAC_DS_DTLC=1,200
https://smartmarket.nonghyup.com/content/html/sf/cn/sfgateway.html?refbnk=1&SERVICE_ID=SFSE0077R&NAVIGATE_TYPE=1&SF_NAAC_DS_DTLC=1,200
